#
# There is insufficient memory for the Java Runtime Environment to continue.
# Native memory allocation (mmap) failed to map 65536 bytes. Error detail: Failed to commit metaspace.
# Possible reasons:
#   The system is out of physical RAM or swap space
#   This process is running with CompressedOops enabled, and the Java Heap may be blocking the growth of the native heap
# Possible solutions:
#   Reduce memory load on the system
#   Increase physical memory or swap space
#   Check if swap backing store is full
#   Decrease Java heap size (-Xmx/-Xms)
#   Decrease number of Java threads
#   Decrease Java thread stack sizes (-Xss)
#   Set larger code cache with -XX:ReservedCodeCacheSize=
#   JVM is running with Unscaled Compressed Oops mode in which the Java heap is
#     placed in the first 4GB address space. The Java Heap base address is the
#     maximum limit for the native heap growth. Please use -XX:HeapBaseMinAddress
#     to set the Java Heap base and to place the Java Heap above 4GB virtual address.
# This output file may be truncated or incomplete.
#
#  Out of Memory Error (virtualSpaceNode.cpp:113), pid=10152, tid=15924
#
# JRE version: OpenJDK Runtime Environment JBR-25.0.4+1-508.27-jcef (25.0.4+1) (build 25.0.4+1-b508.27)
# Java VM: OpenJDK 64-Bit Server VM JBR-25.0.4+1-508.27-jcef (25.0.4+1-b508.27, mixed mode, emulated-client, sharing, tiered, compressed oops, compressed class ptrs, g1 gc, windows-amd64)
# No core dump will be written. Minidumps are not enabled by default on client versions of Windows
#

---------------  S U M M A R Y ------------

Command Line: -XX:TieredStopAtLevel=1 -Dspring.output.ansi.enabled=always -javaagent:D:\intelijIdea\New folder\IntelliJ IDEA 2026.1.3\lib\idea_rt.jar=5231 -Dfile.encoding=UTF-8 -Dsun.stdout.encoding=UTF-8 -Dsun.stderr.encoding=UTF-8 lk.ijse.gdse.userservice.UserServiceApplication

Host: Intel(R) Core(TM) i5-6200U CPU @ 2.30GHz, 4 cores, 7G,  Windows 10 , 64 bit Build 19041 (10.0.19041.7663)
Time: Mon Aug 24 17:27:44 2026 Sri Lanka Standard Time elapsed time: 2.049528 seconds (0d 0h 0m 2s)

---------------  T H R E A D  ---------------

Current thread (0x000001beabd77940):  JavaThread "main"             [_thread_in_vm, id=15924, stack(0x0000002575b00000,0x0000002575c00000) (1024K)]

Stack: [0x0000002575b00000,0x0000002575c00000]
Native frames: (J=compiled Java code, j=interpreted, Vv=VM code, C=native code)
V  [jvm.dll+0x7c3f79]  (no source info available)

Java frames: (J=compiled Java code, j=interpreted, Vv=VM code)
J 764  java.lang.ClassLoader.defineClass1(Ljava/lang/ClassLoader;Ljava/lang/String;[BIILjava/security/ProtectionDomain;Ljava/lang/String;)Ljava/lang/Class; java.base@25.0.4 (0 bytes) @ 0x000001beb095f6c1 [0x000001beb095f600+0x00000000000000c1]
J 1283 c1 java.lang.ClassLoader.defineClass(Ljava/lang/String;[BIILjava/security/ProtectionDomain;)Ljava/lang/Class; java.base@25.0.4 (43 bytes) @ 0x000001beb09f849c [0x000001beb09f8380+0x000000000000011c]
J 932 c1 jdk.internal.loader.BuiltinClassLoader.defineClass(Ljava/lang/String;Ljdk/internal/loader/Resource;)Ljava/lang/Class; java.base@25.0.4 (121 bytes) @ 0x000001beb099a004 [0x000001beb0999a80+0x0000000000000584]
J 931 c1 jdk.internal.loader.BuiltinClassLoader.findClassOnClassPathOrNull(Ljava/lang/String;)Ljava/lang/Class; java.base@25.0.4 (93 bytes) @ 0x000001beb099890c [0x000001beb0998680+0x000000000000028c]
J 644 c1 jdk.internal.loader.BuiltinClassLoader.loadClassOrNull(Ljava/lang/String;Z)Ljava/lang/Class; java.base@25.0.4 (143 bytes) @ 0x000001beb094181c [0x000001beb0941400+0x000000000000041c]
J 783 c1 jdk.internal.loader.BuiltinClassLoader.loadClass(Ljava/lang/String;Z)Ljava/lang/Class; java.base@25.0.4 (22 bytes) @ 0x000001beb096435c [0x000001beb0964300+0x000000000000005c]
J 782 c1 java.lang.ClassLoader.loadClass(Ljava/lang/String;)Ljava/lang/Class; java.base@25.0.4 (7 bytes) @ 0x000001beb0964054 [0x000001beb0964000+0x0000000000000054]
v  ~StubRoutines::call_stub 0x000001beb06612ed
j  java.lang.Class.getDeclaredConstructors0(Z)[Ljava/lang/reflect/Constructor;+0 java.base@25.0.4
j  java.lang.Class.privateGetDeclaredConstructors(Z)[Ljava/lang/reflect/Constructor;+48 java.base@25.0.4
j  java.lang.Class.getConstructors()[Ljava/lang/reflect/Constructor;+2 java.base@25.0.4
j  org.springframework.core.io.support.SpringFactoriesLoader$FactoryInstantiator.findConstructor(Ljava/lang/Class;)Ljava/lang/reflect/Constructor;+14
j  org.springframework.core.io.support.SpringFactoriesLoader$FactoryInstantiator.forClass(Ljava/lang/Class;)Lorg/springframework/core/io/support/SpringFactoriesLoader$FactoryInstantiator;+1
j  org.springframework.core.io.support.SpringFactoriesLoader.instantiateFactory(Ljava/lang/String;Ljava/lang/Class;Lorg/springframework/core/io/support/SpringFactoriesLoader$ArgumentResolver;Lorg/springframework/core/io/support/SpringFactoriesLoader$FailureHandler;)Ljava/lang/Object;+28
j  org.springframework.core.io.support.SpringFactoriesLoader.load(Ljava/lang/Class;Lorg/springframework/core/io/support/SpringFactoriesLoader$ArgumentResolver;Lorg/springframework/core/io/support/SpringFactoriesLoader$FailureHandler;)Ljava/util/List;+99
j  org.springframework.boot.diagnostics.FailureAnalyzers.loadFailureAnalyzers(Lorg/springframework/context/ConfigurableApplicationContext;Lorg/springframework/core/io/support/SpringFactoriesLoader;)Ljava/util/List;+17
j  org.springframework.boot.diagnostics.FailureAnalyzers.<init>(Lorg/springframework/context/ConfigurableApplicationContext;Lorg/springframework/core/io/support/SpringFactoriesLoader;)V+15
j  org.springframework.boot.diagnostics.FailureAnalyzers.<init>(Lorg/springframework/context/ConfigurableApplicationContext;)V+19
J 1386 c1 java.lang.invoke.DirectMethodHandle$Holder.newInvokeSpecial(Ljava/lang/Object;Ljava/lang/Object;)Ljava/lang/Object; java.base@25.0.4 (21 bytes) @ 0x000001beb0a138c4 [0x000001beb0a13800+0x00000000000000c4]
j  java.lang.invoke.LambdaForm$MH+0x0000000039059000.invoke(Ljava/lang/Object;Ljava/lang/Object;)Ljava/lang/Object;+31 java.base@25.0.4
j  java.lang.invoke.Invokers$Holder.invokeExact_MT(Ljava/lang/Object;Ljava/lang/Object;Ljava/lang/Object;)Ljava/lang/Object;+19 java.base@25.0.4
j  jdk.internal.reflect.DirectConstructorHandleAccessor.invokeImpl([Ljava/lang/Object;)Ljava/lang/Object;+53 java.base@25.0.4
j  jdk.internal.reflect.DirectConstructorHandleAccessor.newInstance([Ljava/lang/Object;)Ljava/lang/Object;+60 java.base@25.0.4
j  java.lang.reflect.Constructor.newInstanceWithCaller([Ljava/lang/Object;ZLjava/lang/Class;)Ljava/lang/Object;+41 java.base@25.0.4
j  java.lang.reflect.Constructor.newInstance([Ljava/lang/Object;)Ljava/lang/Object;+30 java.base@25.0.4
j  org.springframework.core.io.support.SpringFactoriesLoader$FactoryInstantiator.instantiate(Lorg/springframework/core/io/support/SpringFactoriesLoader$ArgumentResolver;)Ljava/lang/Object;+39
j  org.springframework.core.io.support.SpringFactoriesLoader.instantiateFactory(Ljava/lang/String;Ljava/lang/Class;Lorg/springframework/core/io/support/SpringFactoriesLoader$ArgumentResolver;Lorg/springframework/core/io/support/SpringFactoriesLoader$FailureHandler;)Ljava/lang/Object;+36
j  org.springframework.core.io.support.SpringFactoriesLoader.load(Ljava/lang/Class;Lorg/springframework/core/io/support/SpringFactoriesLoader$ArgumentResolver;Lorg/springframework/core/io/support/SpringFactoriesLoader$FailureHandler;)Ljava/util/List;+99
j  org.springframework.core.io.support.SpringFactoriesLoader.load(Ljava/lang/Class;Lorg/springframework/core/io/support/SpringFactoriesLoader$ArgumentResolver;)Ljava/util/List;+4
j  org.springframework.boot.SpringApplication.getSpringFactoriesInstances(Ljava/lang/Class;Lorg/springframework/core/io/support/SpringFactoriesLoader$ArgumentResolver;)Ljava/util/List;+9
j  org.springframework.boot.SpringApplication.getExceptionReporters(Lorg/springframework/context/ConfigurableApplicationContext;)Ljava/util/Collection;+22
j  org.springframework.boot.SpringApplication.handleRunFailure(Lorg/springframework/context/ConfigurableApplicationContext;Ljava/lang/Throwable;Lorg/springframework/boot/SpringApplicationRunListeners;)Ljava/lang/RuntimeException;+35
j  org.springframework.boot.SpringApplication.run([Ljava/lang/String;)Lorg/springframework/context/ConfigurableApplicationContext;+190
j  org.springframework.boot.SpringApplication.run([Ljava/lang/Class;[Ljava/lang/String;)Lorg/springframework/context/ConfigurableApplicationContext;+9
j  org.springframework.boot.SpringApplication.run(Ljava/lang/Class;[Ljava/lang/String;)Lorg/springframework/context/ConfigurableApplicationContext;+9
j  lk.ijse.gdse.userservice.UserServiceApplication.main([Ljava/lang/String;)V+3
v  ~StubRoutines::call_stub 0x000001beb06612ed
Lock stack of current Java thread (top to bottom):
LockStack[1]: java.lang.Object 
{0x0000000088830af8} - klass: 'java/lang/Object' - flags: 

 - ---- fields (total size 2 words):
LockStack[0]: [I 
{0x0000000088830730} - klass: {type array int} - flags: is_cloneable_fast 

 - length: 0


Compiled method (n/a) 2084  764     n 0       java.lang.ClassLoader::defineClass1 (native)
 total in heap  [0x000001beb095f508,0x000001beb095f928] = 1056
 main code      [0x000001beb095f600,0x000001beb095f928] = 808
 mutable data [0x000001bebd53a6e0,0x000001bebd53a700] = 32
 relocation     [0x000001bebd53a6e0,0x000001bebd53a700] = 32

[Constant Pool (empty)]

[MachCode]
[Entry Point]
  # {method} {0x0000000037b061d0} 'defineClass1' '(Ljava/lang/ClassLoader;Ljava/lang/String;[BIILjava/security/ProtectionDomain;Ljava/lang/String;)Ljava/lang/Class;' in 'java/lang/ClassLoader'
  # parm0:    rdx:rdx   = 'java/lang/ClassLoader'
  # parm1:    r8:r8     = 'java/lang/String'
  # parm2:    r9:r9     = '[B'
  # parm3:    rdi       = int
  # parm4:    rsi       = int
  # parm5:    rcx:rcx   = 'java/security/ProtectionDomain'
  # parm6:    [sp+0xa0]   = 'java/lang/String'  (sp of caller)
  0x000001beb095f600: 6690 448b | 5208 443b 

  0x000001beb095f608: ;   {runtime_call Shared Runtime ic_miss_blob}
  0x000001beb095f608: 5008 0f85 | d0f4 d4ff 
[Verified Entry Point]
  0x000001beb095f610: 8984 2400 | 80ff ff55 | 488b ec48 | 81ec 9000 | 0000 6690 | 4181 7f20 | 0100 0000 

  0x000001beb095f62c: ;   {runtime_call Stub::method_entry_barrier}
  0x000001beb095f62c: 7405 e8cd | 4bd3 ff48 | 837d 1000 | 488d 4510 | 480f 4445 | 1048 8944 | 2440 4889 | 4c24 7048 
  0x000001beb095f64c: 83f9 0048 | 8d44 2470 | 480f 4444 | 2470 4889 | 4424 3848 | 8974 2430 | 4889 7c24 | 284c 894c 
  0x000001beb095f66c: 2458 4983 | f900 488d | 4424 5848 | 0f44 4424 | 5848 8944 | 2420 4c89 | 4424 5049 | 83f8 004c 
  0x000001beb095f68c: 8d4c 2450 | 4c0f 444c | 2450 4889 | 5424 4848 | 83fa 004c | 8d44 2448 | 4c0f 4444 

  0x000001beb095f6a8: ;   {oop(a 'java/lang/Class'{0x00000000ffddecb8} = 'java/lang/ClassLoader')}
  0x000001beb095f6a8: 2448 49be | b8ec ddff | 0000 0000 | 4c89 7424 | 784c 8d74 | 2478 498b | d6c5 f877 

  0x000001beb095f6c4: ;   {internal_word}
  0x000001beb095f6c4: 49ba c1f6 | 95b0 be01 | 0000 4d89 | 9730 0400 | 0049 89a7 | 2804 0000 | 498d 8f48 | 0400 0041 
  0x000001beb095f6e4: c787 d404 | 0000 0400 

  0x000001beb095f6ec: ;   {runtime_call}
  0x000001beb095f6ec: 0000 48b8 | a816 bf17 | fc7f 0000 | ffd0 c5f8 | 7741 c787 | d404 0000 | 0500 0000 | f083 4424 
  0x000001beb095f70c: c000 493b | 6f28 0f87 | 0e00 0000 | 4183 bfd0 | 0400 0000 | 0f84 2b00 | 0000 c5f8 | 7748 8945 
  0x000001beb095f72c: f849 8bcf | 4c8b e448 | 83ec 2048 

  0x000001beb095f738: ;   {runtime_call}
  0x000001beb095f738: 83e4 f048 | b8a0 bb8d | b9fb 7f00 | 00ff d049 | 8be4 4d33 | e448 8b45 | f841 c787 | d404 0000 
  0x000001beb095f758: 0800 0000 | 4183 bf50 | 0500 0002 | 0f84 9101 | 0000 49c7 | 8728 0400 | 0000 0000 | 0049 c787 
  0x000001beb095f778: 3004 0000 | 0000 0000 | c5f8 7748 | 85c0 0f84 | 2f01 0000 | a803 0f85 | 0800 0000 | 488b 00e9 
  0x000001beb095f798: 1f01 0000 | a801 0f85 | 0900 0000 | 488b 40fe | e90e 0100 | 0048 8b40 | ff41 807f | 4800 0f84 
  0x000001beb095f7b8: ff00 0000 | 4883 f800 | 0f84 f500 | 0000 498b | 4f38 4885 | c90f 8414 | 0000 0048 | 83e9 0849 
  0x000001beb095f7d8: 894f 3849 | 034f 4048 | 8901 e9d4 | 0000 0048 | 83ec 7048 | 8904 2448 | 894c 2408 | 4889 5424 
  0x000001beb095f7f8: 104c 8944 | 2418 4c89 | 4c24 204c | 8954 2428 | 4c89 5c24 | 30c5 fb11 | 4424 40c5 | fb11 4c24 
  0x000001beb095f818: 48c5 fb11 | 5424 50c5 | fb11 5c24 | 58c5 fb11 | 6424 60c5 | fb11 6c24 | 6849 8bd7 | 488b c848 
  0x000001beb095f838: ;   {other}
  0x000001beb095f838: 83ec 2040 | f6c4 0f0f | 8419 0000 | 0048 83ec 

  0x000001beb095f848: ;   {runtime_call}
  0x000001beb095f848: 0848 b8c0 | 4a80 b9fb | 7f00 00ff | d048 83c4 | 08e9 0c00 

  0x000001beb095f85c: ;   {runtime_call}
  0x000001beb095f85c: 0000 48b8 | c04a 80b9 | fb7f 0000 | ffd0 4883 | c420 c5fb | 106c 2468 | c5fb 1064 | 2460 c5fb 
  0x000001beb095f87c: 105c 2458 | c5fb 1054 | 2450 c5fb | 104c 2448 | c5fb 1044 | 2440 4c8b | 5c24 304c | 8b54 2428 
  0x000001beb095f89c: 4c8b 4c24 | 204c 8b44 | 2418 488b | 5424 1048 | 8b4c 2408 | 488b 0424 | 4883 c470 | c5f8 7749 
  0x000001beb095f8bc: 8b8f b804 | 0000 c781 | 0001 0000 | 0000 0000 

  0x000001beb095f8cc: ;   {poll_return}
  0x000001beb095f8cc: c941 f647 | 2801 7416 

  0x000001beb095f8d4: ;   {internal_word}
  0x000001beb095f8d4: 49ba cdf8 | 95b0 be01 | 0000 4d89 | 97e0 0400 

  0x000001beb095f8e4: ;   {runtime_call SafepointBlob}
  0x000001beb095f8e4: 00e9 7616 | d5ff 4983 | 7f08 000f | 8501 0000 

  0x000001beb095f8f4: ;   {runtime_call Stub::forward_exception}
  0x000001beb095f8f4: 00c3 e9e5 | 18d0 ffc5 | f877 4889 | 45f8 4c8b | e448 83ec | 2048 83e4 

  0x000001beb095f90c: ;   {runtime_call}
  0x000001beb095f90c: f048 b8b0 | ddc7 b9fb | 7f00 00ff | d049 8be4 | 4d33 e448 | 8b45 f8e9 | 42fe ffff 
[/MachCode]


Compiled method (c1) 2173 1283       1       java.lang.ClassLoader::defineClass (43 bytes)
 total in heap  [0x000001beb09f8288,0x000001beb09f85b8] = 816
 main code      [0x000001beb09f8380,0x000001beb09f8540] = 448
 stub code      [0x000001beb09f8540,0x000001beb09f85b8] = 120
 mutable data [0x000001bebd877540,0x000001bebd8775e8] = 168
 relocation     [0x000001bebd877540,0x000001bebd8775a8] = 104
 metadata       [0x000001bebd8775a8,0x000001bebd8775e8] = 64
 immutable data [0x000001bebd909070,0x000001bebd909208] = 408
 dependencies   [0x000001bebd909070,0x000001bebd909088] = 24
 nul chk table  [0x000001bebd909088,0x000001bebd9090b0] = 40
 scopes pcs     [0x000001bebd9090b0,0x000001bebd909150] = 160
 scopes data    [0x000001bebd909150,0x000001bebd909208] = 184

[Constant Pool (empty)]

[MachCode]
[Instructions begin]
  0x000001beb09f8380: 6666 660f | 1f84 0000 | 0000 0066 | 6666 9066 | 6690 448b | 5208 443b 

  0x000001beb09f8398: ;   {runtime_call Shared Runtime ic_miss_blob}
  0x000001beb09f8398: 5008 0f85 | 4067 cbff 
[Verified Entry Point]
  0x000001beb09f83a0: 8984 2400 | 80ff ff55 | 4881 ecb0 | 0000 0090 | 4181 7f20 | 0100 0000 

  0x000001beb09f83b8: ;   {runtime_call Stub::method_entry_barrier}
  0x000001beb09f83b8: 7405 e841 | bec9 ff48 | 8954 2478 | 89b4 2494 | 0000 0089 | bc24 9000 | 0000 4c89 | 8c24 8800 
  0x000001beb09f83d8: 0000 498b | d84c 8bc3 | 4c8b c948 | 8bca 488b | d148 899c | 2480 0000 | 0066 0f1f 

  0x000001beb09f83f4: ;   {optimized virtual_call}
  0x000001beb09f83f4: 4400 00e8 

  0x000001beb09f83f8: ; ImmutableOopMap {[120]=Oop [128]=Oop [136]=Oop }
                      ;*invokevirtual preDefineClass {reexecute=0 rethrow=0 return_oop=0}
                      ; - java.lang.ClassLoader::defineClass@4 (line 960)
  0x000001beb09f83f8: 240d 0000 

  0x000001beb09f83fc: ;   {post_call_nop}
  0x000001beb09f83fc: 0f1f 8400 | 7401 0000 | 4889 8424 | 9800 0000 

  0x000001beb09f840c: ; implicit exception: dispatches to 0x000001beb09f84e7
  0x000001beb09f840c: 448b 4010 | 4d85 c00f | 850f 0000 

  0x000001beb09f8418: ;   {oop(nullptr)}
  0x000001beb09f8418: 0048 bb00 | 0000 0000 | 0000 00e9 | 3f00 0000 

  0x000001beb09f8428: ; implicit exception: dispatches to 0x000001beb09f84ec
  0x000001beb09f8428: 458b 400c | 4d85 c00f | 850f 0000 

  0x000001beb09f8434: ;   {oop(nullptr)}
  0x000001beb09f8434: 0048 bb00 | 0000 0000 | 0000 00e9 | 2300 0000 

  0x000001beb09f8444: ; implicit exception: dispatches to 0x000001beb09f84f1
  0x000001beb09f8444: 418b 5038 

  0x000001beb09f8448: ; implicit exception: dispatches to 0x000001beb09f84f6
  0x000001beb09f8448: 483b 020f 

  0x000001beb09f844c: ;   {optimized virtual_call}
  0x000001beb09f844c: 1f40 00e8 

  0x000001beb09f8450: ; ImmutableOopMap {[120]=Oop [128]=Oop [136]=Oop [152]=Oop }
                      ;*invokevirtual toExternalForm {reexecute=0 rethrow=0 return_oop=0}
                      ; - java.net.URL::toExternalForm@5 (line 1153)
                      ; - java.net.URL::toString@1 (line 1139)
                      ; - java.lang.ClassLoader::defineClassSourceLocation@22 (line 864)
                      ; - java.lang.ClassLoader::defineClass@12 (line 961)
  0x000001beb09f8450: cc6b f7ff 

  0x000001beb09f8454: ;   {post_call_nop}
  0x000001beb09f8454: 0f1f 8400 | cc01 0001 | 488b d848 | 8b84 2498 | 0000 008b | b424 9400 | 0000 8bbc | 2490 0000 
  0x000001beb09f8474: 004c 8b8c | 2488 0000 | 004c 8b84 | 2480 0000 | 0048 8b54 | 2478 4c8b | da49 8bd3 | 488b c848 
  0x000001beb09f8494: ;   {static_call}
  0x000001beb09f8494: 891c 24e8 

  0x000001beb09f8498: ; ImmutableOopMap {[120]=Oop [152]=Oop }
                      ;*invokestatic defineClass1 {reexecute=0 rethrow=0 return_oop=0}
                      ; - java.lang.ClassLoader::defineClass@27 (line 962)
  0x000001beb09f8498: 7471 f6ff 

  0x000001beb09f849c: ;   {post_call_nop}
  0x000001beb09f849c: 0f1f 8400 | 1402 0002 | 4c8b c04c | 8b8c 2498 | 0000 0048 | 8b54 2478 | 4889 8424 | a000 0000 
  0x000001beb09f84bc: ;   {optimized virtual_call}
  0x000001beb09f84bc: 6666 90e8 

  0x000001beb09f84c0: ; ImmutableOopMap {[160]=Oop }
                      ;*invokevirtual postDefineClass {reexecute=0 rethrow=0 return_oop=0}
                      ; - java.lang.ClassLoader::defineClass@37 (line 963)
  0x000001beb09f84c0: 5c20 0000 

  0x000001beb09f84c4: ;   {post_call_nop}
  0x000001beb09f84c4: 0f1f 8400 | 3c02 0003 | 488b 8424 | a000 0000 | 4881 c4b0 | 0000 005d 

  0x000001beb09f84dc: ;   {poll_return}
  0x000001beb09f84dc: 493b 6728 | 0f87 1500 

  0x000001beb09f84e4: ;   {runtime_call C1 Runtime throw_null_pointer_exception_blob}
  0x000001beb09f84e4: 0000 c3e8 

  0x000001beb09f84e8: ; ImmutableOopMap {rax=Oop [120]=Oop [128]=Oop [136]=Oop [152]=Oop }
                      ;*invokevirtual getCodeSource {reexecute=0 rethrow=0 return_oop=0}
                      ; - java.lang.ClassLoader::defineClassSourceLocation@1 (line 861)
                      ; - java.lang.ClassLoader::defineClass@12 (line 961)
  0x000001beb09f84e8: 7415 d6ff 

  0x000001beb09f84ec: ;   {runtime_call C1 Runtime throw_null_pointer_exception_blob}
  0x000001beb09f84ec: e86f 15d6 

  0x000001beb09f84f0: ; ImmutableOopMap {rax=Oop [120]=Oop [128]=Oop [136]=Oop [152]=Oop }
                      ;*invokevirtual getLocation {reexecute=0 rethrow=0 return_oop=0}
                      ; - java.lang.ClassLoader::defineClassSourceLocation@12 (line 863)
                      ; - java.lang.ClassLoader::defineClass@12 (line 961)
                      ;   {runtime_call C1 Runtime throw_null_pointer_exception_blob}
  0x000001beb09f84f0: ffe8 6a15 

  0x000001beb09f84f4: ; ImmutableOopMap {r8=Oop [120]=Oop [128]=Oop [136]=Oop [152]=Oop }
                      ;*invokevirtual toString {reexecute=0 rethrow=0 return_oop=0}
                      ; - java.lang.ClassLoader::defineClassSourceLocation@22 (line 864)
                      ; - java.lang.ClassLoader::defineClass@12 (line 961)
                      ;   {runtime_call C1 Runtime throw_null_pointer_exception_blob}
  0x000001beb09f84f4: d6ff e865 

  0x000001beb09f84f8: ; ImmutableOopMap {r8=Oop rdx=Oop [120]=Oop [128]=Oop [136]=Oop [152]=Oop }
                      ;*invokevirtual toExternalForm {reexecute=0 rethrow=0 return_oop=0}
                      ; - java.net.URL::toExternalForm@5 (line 1153)
                      ; - java.net.URL::toString@1 (line 1139)
                      ; - java.lang.ClassLoader::defineClassSourceLocation@22 (line 864)
                      ; - java.lang.ClassLoader::defineClass@12 (line 961)
                      ;   {internal_word}
  0x000001beb09f84f8: 15d6 ff49 | badc 849f | b0be 0100 | 004d 8997 | e004 0000 

  0x000001beb09f850c: ;   {runtime_call SafepointBlob}
  0x000001beb09f850c: e94f 8acb | ff49 8b87 | 8805 0000 | 49c7 8788 | 0500 0000 | 0000 0049 | c787 9005 | 0000 0000 
  0x000001beb09f852c: 0000 4881 | c4b0 0000 

  0x000001beb09f8534: ;   {runtime_call C1 Runtime unwind_exception_blob}
  0x000001beb09f8534: 005d e925 | 06d6 fff4 | f4f4 f4f4 
[Stub Code]
  0x000001beb09f8540: ;   {other}
  0x000001beb09f8540: 0f1f 4400 

  0x000001beb09f8544: ;   {static_stub}
  0x000001beb09f8544: 0048 bb00 | 0000 0000 

  0x000001beb09f854c: ;   {runtime_call nmethod}
  0x000001beb09f854c: 0000 00e9 | fbff ffff 

  0x000001beb09f8554: ;   {static_stub}
  0x000001beb09f8554: 48bb 0000 | 0000 0000 

  0x000001beb09f855c: ;   {runtime_call nmethod}
  0x000001beb09f855c: 0000 e9fb 

  0x000001beb09f8560: ;   {static_stub}
  0x000001beb09f8560: ffff ff48 | bb00 0000 | 0000 0000 

  0x000001beb09f856c: ;   {runtime_call nmethod}
  0x000001beb09f856c: 00e9 fbff 

  0x000001beb09f8570: ;   {static_stub}
  0x000001beb09f8570: ffff 48bb | 0000 0000 | 0000 0000 

  0x000001beb09f857c: ;   {runtime_call nmethod}
  0x000001beb09f857c: e9fb ffff 

  0x000001beb09f8580: ;   {runtime_call C1 Runtime handle_exception_from_callee_blob}
  0x000001beb09f8580: ffe8 5a3a 

  0x000001beb09f8584: ;   {external_word}
  0x000001beb09f8584: d6ff 48b9 | 0005 fab9 | fb7f 0000 | 4883 e4f0 

  0x000001beb09f8594: ;   {runtime_call}
  0x000001beb09f8594: 48b8 302f | b4b9 fb7f | 0000 ffd0 

  0x000001beb09f85a0: ;   {section_word}
  0x000001beb09f85a0: f449 baa1 | 859f b0be | 0100 0041 

  0x000001beb09f85ac: ;   {runtime_call DeoptimizationBlob}
  0x000001beb09f85ac: 52e9 ae8c | cbff f4f4 | f4f4 f4f4 
[/MachCode]


Compiled method (c1) 2193  932       1       jdk.internal.loader.BuiltinClassLoader::defineClass (121 bytes)
 total in heap  [0x000001beb0999988,0x000001beb099a2c0] = 2360
 main code      [0x000001beb0999a80,0x000001beb099a1a0] = 1824
 stub code      [0x000001beb099a1a0,0x000001beb099a2c0] = 288
 mutable data [0x000001bebd79d2d0,0x000001bebd79d470] = 416
 relocation     [0x000001bebd79d2d0,0x000001bebd79d418] = 328
 metadata       [0x000001bebd79d418,0x000001bebd79d470] = 88
 immutable data [0x000001bebd79ce70,0x000001bebd79d2c0] = 1104
 dependencies   [0x000001bebd79ce70,0x000001bebd79ce90] = 32
 nul chk table  [0x000001bebd79ce90,0x000001bebd79ceb0] = 32
 handler table  [0x000001bebd79ceb0,0x000001bebd79cec8] = 24
 scopes pcs     [0x000001bebd79cec8,0x000001bebd79d068] = 416
 scopes data    [0x000001bebd79d068,0x000001bebd79d2c0] = 600

[Constant Pool (empty)]

[MachCode]
[Instructions begin]
  0x000001beb0999a80: 6666 660f | 1f84 0000 | 0000 0066 | 6666 9066 | 6690 448b | 5208 443b 

  0x000001beb0999a98: ;   {runtime_call Shared Runtime ic_miss_blob}
  0x000001beb0999a98: 5008 0f85 | 4050 d1ff 
[Verified Entry Point]
  0x000001beb0999aa0: 8984 2400 | 80ff ff55 | 4881 ec00 | 0100 0090 | 4181 7f20 | 0100 0000 

  0x000001beb0999ab8: ;   {runtime_call Stub::method_entry_barrier}
  0x000001beb0999ab8: 7405 e841 | a7cf ff48 | 8994 24a0 | 0000 004c | 8984 2490 | 0000 004c | 898c 2498 | 0000 0049 
  0x000001beb0999ad8: 8bd1 6666 | 9048 b850 | ec15 bdbe 

  0x000001beb0999ae4: ;   {virtual_call}
  0x000001beb0999ae4: 0100 00e8 

  0x000001beb0999ae8: ; ImmutableOopMap {[144]=Oop [152]=Oop [160]=Oop }
                      ;*invokevirtual getCodeSourceURL {reexecute=0 rethrow=0 return_oop=0}
                      ; - jdk.internal.loader.BuiltinClassLoader::defineClass@1 (line 763)
  0x000001beb0999ae8: a64b 0000 

  0x000001beb0999aec: ;   {post_call_nop}
  0x000001beb0999aec: 0f1f 8400 | 6401 0000 | 4889 8424 | a800 0000 | 4c8b 8424 | 9000 0000 

  0x000001beb0999b04: ; implicit exception: dispatches to 0x000001beb099a0a0
  0x000001beb0999b04: 418b 7014 

  0x000001beb0999b08: ; implicit exception: dispatches to 0x000001beb099a0a5
  0x000001beb0999b08: 8b56 0c45 | 0fbe 4810 | 498b c9c1 | e118 c1f9 | 18d3 fa48 | 8bfa ffcf | 4585 c9ba | 0000 0000 
  0x000001beb0999b28: 7505 ba01 | 0000 0083 | e201 85d2 | 488b d641 | b82e 0000 | 004c 8bcf | 0f84 1300 

  0x000001beb0999b44: ;   {static_call}
  0x000001beb0999b44: 0000 90e8 

  0x000001beb0999b48: ; ImmutableOopMap {[144]=Oop [152]=Oop [160]=Oop [168]=Oop }
                      ;*invokestatic lastIndexOf {reexecute=0 rethrow=0 return_oop=0}
                      ; - java.lang.String::lastIndexOf@13 (line 2638)
                      ; - java.lang.String::lastIndexOf@8 (line 2600)
                      ; - jdk.internal.loader.BuiltinClassLoader::defineClass@8 (line 766)
  0x000001beb0999b48: 3429 ddff 

  0x000001beb0999b4c: ;   {post_call_nop}
  0x000001beb0999b4c: 0f1f 8400 | c401 0001 | e913 0000 | 0066 0f1f 

  0x000001beb0999b5c: ;   {static_call}
  0x000001beb0999b5c: 4400 00e8 

  0x000001beb0999b60: ; ImmutableOopMap {[144]=Oop [152]=Oop [160]=Oop [168]=Oop }
                      ;*invokestatic lastIndexOf {reexecute=0 rethrow=0 return_oop=0}
                      ; - java.lang.String::lastIndexOf@25 (line 2639)
                      ; - java.lang.String::lastIndexOf@8 (line 2600)
                      ; - jdk.internal.loader.BuiltinClassLoader::defineClass@8 (line 766)
  0x000001beb0999b60: 7c58 d1ff 

  0x000001beb0999b64: ;   {post_call_nop}
  0x000001beb0999b64: 0f1f 8400 | dc01 0002 | 83f8 ff0f | 847f 0000 | 0041 b800 | 0000 004c | 8bc8 488b | 9424 9000 
  0x000001beb0999b84: ;   {optimized virtual_call}
  0x000001beb0999b84: 0000 90e8 

  0x000001beb0999b88: ; ImmutableOopMap {[144]=Oop [152]=Oop [160]=Oop [168]=Oop }
                      ;*invokevirtual substring {reexecute=0 rethrow=0 return_oop=0}
                      ; - jdk.internal.loader.BuiltinClassLoader::defineClass@23 (line 768)
  0x000001beb0999b88: 944b f1ff 

  0x000001beb0999b8c: ;   {post_call_nop}
  0x000001beb0999b8c: 0f1f 8400 | 0402 0003 | 488b 9424 | 9800 0000 | 4889 8424 | b000 0000 | 9048 b878 | ec15 bdbe 
  0x000001beb0999bac: ;   {virtual_call}
  0x000001beb0999bac: 0100 00e8 

  0x000001beb0999bb0: ; ImmutableOopMap {[144]=Oop [152]=Oop [160]=Oop [168]=Oop [176]=Oop }
                      ;*invokevirtual getManifest {reexecute=0 rethrow=0 return_oop=0}
                      ; - jdk.internal.loader.BuiltinClassLoader::defineClass@29 (line 769)
  0x000001beb0999bb0: de53 0000 

  0x000001beb0999bb4: ;   {post_call_nop}
  0x000001beb0999bb4: 0f1f 8400 | 2c02 0004 | 4c8b 8424 | b000 0000 | 4c8b c848 | 8bbc 24a8 | 0000 0048 | 8b94 24a0 
  0x000001beb0999bd4: 0000 0066 | 0f1f 4400 | 0048 b8a0 | ec15 bdbe 

  0x000001beb0999be4: ;   {virtual_call}
  0x000001beb0999be4: 0100 00e8 

  0x000001beb0999be8: ; ImmutableOopMap {[144]=Oop [152]=Oop [160]=Oop [168]=Oop }
                      ;*invokevirtual defineOrCheckPackage {reexecute=0 rethrow=0 return_oop=0}
                      ; - jdk.internal.loader.BuiltinClassLoader::defineClass@40 (line 770)
  0x000001beb0999be8: a6f2 ffff 

  0x000001beb0999bec: ;   {post_call_nop}
  0x000001beb0999bec: 0f1f 8400 | 6402 0005 | 4c8b 8c24 | 9800 0000 | 488d 9424 | e000 0000 | 4c89 4a08 | 498b 0141 
  0x000001beb0999c0c: 8bb7 e006 | 0000 81fe | 3007 0000 | 0f8d 8c04 | 0000 4d3b | 4c37 f80f | 8425 0000 | 00a8 020f 
  0x000001beb0999c2c: 8579 0400 | 0048 8bf0 | 4883 e6fe | 4883 c801 | f049 0fb1 | 310f 8563 | 0400 0041 | 8bb7 e006 
  0x000001beb0999c4c: 0000 4d89 | 0c37 83c6 | 0841 89b7 | e006 0000 | 418b 510c | 4885 d20f | 854b 0000 | 0049 8bd1 
  0x000001beb0999c6c: 9048 b8c8 | ec15 bdbe 

  0x000001beb0999c74: ;   {virtual_call}
  0x000001beb0999c74: 0100 00e8 

  0x000001beb0999c78: ; ImmutableOopMap {[144]=Oop [152]=Oop [160]=Oop [168]=Oop [232]=Oop }
                      ;*invokevirtual getInputStream {reexecute=0 rethrow=0 return_oop=0}
                      ; - jdk.internal.loader.Resource::cachedInputStream@9 (line 76)
                      ; - jdk.internal.loader.Resource::getByteBuffer@1 (line 133)
                      ; - jdk.internal.loader.BuiltinClassLoader::defineClass@45 (line 774)
  0x000001beb0999c78: 9664 0000 

  0x000001beb0999c7c: ;   {post_call_nop}
  0x000001beb0999c7c: 0f1f 8400 | f402 0006 | 410f be57 | 4885 d24c | 8b8c 2498 | 0000 000f | 8524 0400 | 004c 8bd0 
  0x000001beb0999c9c: 4589 510c | 498b d148 | 33d0 48c1 | ea14 4883 | fa00 0f85 | 2504 0000 | 418b 510c | 488d 8424 
  0x000001beb0999cbc: e000 0000 | 488b 7808 | 418b b7e0 | 0600 0049 | 3b7c 37f8 | 0f85 1b04 | 0000 4183 | afe0 0600 
  0x000001beb0999cdc: 0008 493b | 7c37 f00f | 842a 0000 | 0048 8b07 | a802 0f85 | 1200 0000 | 488b f048 | 83ce 01f0 
  0x000001beb0999cfc: 480f b137 | 0f84 0d00 | 0000 4183 | 87e0 0600 | 0008 e9de | 0300 0048 | 85d2 0f84 | 3f00 0000 
  0x000001beb0999d1c: ;   {metadata('sun/nio/ByteBuffered')}
  0x000001beb0999d1c: 48b8 300d | 9237 0000 | 0000 8b5a | 0841 ba00 | 0000 3749 | 03da 483b | 4320 0f84 | 2400 0000 
  0x000001beb0999d3c: 483b d80f | 841b 0000 

  0x000001beb0999d44: ;   {runtime_call C1 Runtime slow_subtype_check_blob}
  0x000001beb0999d44: 0053 50e8 | 942e dcff | 5b5b 85db | 0f84 0500 | 0000 e905 | 0000 0048 | 33f6 eb05 | be01 0000 
  0x000001beb0999d64: 0085 f60f | 8464 0000 | 0048 85d2 | 0f84 3f00 

  0x000001beb0999d74: ;   {metadata('sun/nio/ByteBuffered')}
  0x000001beb0999d74: 0000 48bb | 300d 9237 | 0000 0000 | 8b7a 0841 | ba00 0000 | 3749 03fa | 483b 5f20 | 0f84 1f00 
  0x000001beb0999d94: 0000 483b | fb0f 8416 | 0000 0057 

  0x000001beb0999da0: ;   {runtime_call C1 Runtime slow_subtype_check_blob}
  0x000001beb0999da0: 53e8 3a2e | dcff 5f5f | 85ff 0f84 | 5703 0000 | e900 0000 | 0048 b8f0 | ec15 bdbe 

  0x000001beb0999dbc: ;   {virtual_call}
  0x000001beb0999dbc: 0100 00e8 

  0x000001beb0999dc0: ; ImmutableOopMap {[144]=Oop [152]=Oop [160]=Oop [168]=Oop }
                      ;*invokeinterface getByteBuffer {reexecute=0 rethrow=0 return_oop=0}
                      ; - jdk.internal.loader.Resource::getByteBuffer@16 (line 135)
                      ; - jdk.internal.loader.BuiltinClassLoader::defineClass@45 (line 774)
  0x000001beb0999dc0: 1c53 d1ff 

  0x000001beb0999dc4: ;   {post_call_nop}
  0x000001beb0999dc4: 0f1f 8400 | 3c04 0007 | e90a 0000 

  0x000001beb0999dd0: ;   {oop(nullptr)}
  0x000001beb0999dd0: 0048 b800 | 0000 0000 | 0000 0048 | 85c0 0f84 | fb00 0000 | 4889 8424 | b800 0000 | 488b 9424 
  0x000001beb0999df0: 9800 0000 | 9048 b818 | ed15 bdbe 

  0x000001beb0999dfc: ;   {virtual_call}
  0x000001beb0999dfc: 0100 00e8 

  0x000001beb0999e00: ; ImmutableOopMap {[144]=Oop [160]=Oop [168]=Oop [184]=Oop }
                      ;*invokevirtual getCodeSigners {reexecute=0 rethrow=0 return_oop=0}
                      ; - jdk.internal.loader.BuiltinClassLoader::defineClass@56 (line 776)
  0x000001beb0999e00: dc52 d1ff 

  0x000001beb0999e04: ;   {post_call_nop}
  0x000001beb0999e04: 0f1f 8400 | 7c04 0008 

  0x000001beb0999e0c: ;   {metadata('java/security/CodeSource')}
  0x000001beb0999e0c: 4c8b c848 | bab0 9e3a | 3700 0000 | 0049 8b87 | c801 0000 | 488d 7828 | 493b bfd8 | 0100 000f 
  0x000001beb0999e2c: 87df 0200 | 0049 89bf | c801 0000 | 48c7 0001 | 0000 0048 | 8bca 41ba | 0000 0037 | 492b ca89 
  0x000001beb0999e4c: 4808 4833 | c989 480c | 4833 c948 | 8948 1048 | 8948 1848 | 8948 204c | 8b84 24a8 | 0000 0048 
  0x000001beb0999e6c: 8bd0 4889 | 8424 c000 

  0x000001beb0999e74: ;   {optimized virtual_call}
  0x000001beb0999e74: 0000 90e8 

  0x000001beb0999e78: ; ImmutableOopMap {[144]=Oop [160]=Oop [184]=Oop [192]=Oop }
                      ;*invokespecial <init> {reexecute=0 rethrow=0 return_oop=0}
                      ; - jdk.internal.loader.BuiltinClassLoader::defineClass@68 (line 777)
  0x000001beb0999e78: 644f d1ff 

  0x000001beb0999e7c: ;   {post_call_nop}
  0x000001beb0999e7c: 0f1f 8400 | f404 0009 | 4c8b 8424 | c000 0000 | 488b 9424 | a000 0000 

  0x000001beb0999e94: ;   {optimized virtual_call}
  0x000001beb0999e94: 6666 90e8 

  0x000001beb0999e98: ; ImmutableOopMap {[144]=Oop [160]=Oop [184]=Oop }
                      ;*invokevirtual getProtectionDomain {reexecute=0 rethrow=0 return_oop=0}
                      ; - java.security.SecureClassLoader::defineClass@5 (line 176)
                      ; - jdk.internal.loader.BuiltinClassLoader::defineClass@79 (line 778)
  0x000001beb0999e98: 444f d1ff 

  0x000001beb0999e9c: ;   {post_call_nop}
  0x000001beb0999e9c: 0f1f 8400 | 1405 000a | 4c8b 8424 | 9000 0000 | 4c8b 8c24 | b800 0000 | 488b f848 | 8b94 24a0 
  0x000001beb0999ebc: ;   {optimized virtual_call}
  0x000001beb0999ebc: 0000 00e8 

  0x000001beb0999ec0: ; ImmutableOopMap {}
                      ;*invokevirtual defineClass {reexecute=0 rethrow=0 return_oop=0}
                      ; - java.security.SecureClassLoader::defineClass@8 (line 176)
                      ; - jdk.internal.loader.BuiltinClassLoader::defineClass@79 (line 778)
  0x000001beb0999ec0: 1c4f d1ff 

  0x000001beb0999ec4: ;   {post_call_nop}
  0x000001beb0999ec4: 0f1f 8400 | 3c05 000b | 4881 c400 | 0100 005d 

  0x000001beb0999ed4: ;   {poll_return}
  0x000001beb0999ed4: 493b 6728 | 0f87 3f02 | 0000 c34c | 8b8c 2498 | 0000 0049 | 8bd1 6666 | 9048 b840 | ed15 bdbe 
  0x000001beb0999ef4: ;   {virtual_call}
  0x000001beb0999ef4: 0100 00e8 

  0x000001beb0999ef8: ; ImmutableOopMap {[144]=Oop [152]=Oop [160]=Oop [168]=Oop }
                      ;*invokevirtual getBytes {reexecute=0 rethrow=0 return_oop=0}
                      ; - jdk.internal.loader.BuiltinClassLoader::defineClass@84 (line 780)
  0x000001beb0999ef8: 966d 0000 

  0x000001beb0999efc: ;   {post_call_nop}
  0x000001beb0999efc: 0f1f 8400 | 7405 000c | 4889 8424 | c800 0000 | 488b 9424 | 9800 0000 | 9048 b868 | ed15 bdbe 
  0x000001beb0999f1c: ;   {virtual_call}
  0x000001beb0999f1c: 0100 00e8 

  0x000001beb0999f20: ; ImmutableOopMap {[144]=Oop [160]=Oop [168]=Oop [200]=Oop }
                      ;*invokevirtual getCodeSigners {reexecute=0 rethrow=0 return_oop=0}
                      ; - jdk.internal.loader.BuiltinClassLoader::defineClass@90 (line 781)
  0x000001beb0999f20: 6e6a 0000 

  0x000001beb0999f24: ;   {post_call_nop}
  0x000001beb0999f24: 0f1f 8400 | 9c05 000d 

  0x000001beb0999f2c: ;   {metadata('java/security/CodeSource')}
  0x000001beb0999f2c: 4c8b c848 | bab0 9e3a | 3700 0000 | 0049 8b87 | c801 0000 | 488d 7828 | 493b bfd8 | 0100 000f 
  0x000001beb0999f4c: 87e2 0100 | 0049 89bf | c801 0000 | 48c7 0001 | 0000 0048 | 8bca 41ba | 0000 0037 | 492b ca89 
  0x000001beb0999f6c: 4808 4833 | c989 480c | 4833 c948 | 8948 1048 | 8948 1848 | 8948 204c | 8b84 24a8 | 0000 0048 
  0x000001beb0999f8c: 8bd0 4889 | 8424 d000 

  0x000001beb0999f94: ;   {optimized virtual_call}
  0x000001beb0999f94: 0000 90e8 

  0x000001beb0999f98: ; ImmutableOopMap {[144]=Oop [160]=Oop [200]=Oop [208]=Oop }
                      ;*invokespecial <init> {reexecute=0 rethrow=0 return_oop=0}
                      ; - jdk.internal.loader.BuiltinClassLoader::defineClass@102 (line 782)
  0x000001beb0999f98: 84d9 0500 

  0x000001beb0999f9c: ;   {post_call_nop}
  0x000001beb0999f9c: 0f1f 8400 | 1406 000e | 488b 8424 | c800 0000 

  0x000001beb0999fac: ; implicit exception: dispatches to 0x000001beb099a140
  0x000001beb0999fac: 8b70 0c4c | 8b84 24d0 | 0000 0048 | 8b94 24a0 | 0000 0089 | b424 d800 

  0x000001beb0999fc4: ;   {optimized virtual_call}
  0x000001beb0999fc4: 0000 90e8 

  0x000001beb0999fc8: ; ImmutableOopMap {[144]=Oop [160]=Oop [200]=Oop }
                      ;*invokevirtual getProtectionDomain {reexecute=0 rethrow=0 return_oop=0}
                      ; - java.security.SecureClassLoader::defineClass@9 (line 144)
                      ; - jdk.internal.loader.BuiltinClassLoader::defineClass@117 (line 783)
  0x000001beb0999fc8: 54d5 0500 

  0x000001beb0999fcc: ;   {post_call_nop}
  0x000001beb0999fcc: 0f1f 8400 | 4406 000f | 4c8b 8424 | 9000 0000 | 4c8b 8c24 | c800 0000 | bf00 0000 | 008b b424 
  0x000001beb0999fec: d800 0000 | 488b c848 | 8b94 24a0 | 0000 000f 

  0x000001beb0999ffc: ;   {optimized virtual_call}
  0x000001beb0999ffc: 1f40 00e8 

  0x000001beb099a000: ; ImmutableOopMap {}
                      ;*invokevirtual defineClass {reexecute=0 rethrow=0 return_oop=0}
                      ; - java.security.SecureClassLoader::defineClass@12 (line 144)
                      ; - jdk.internal.loader.BuiltinClassLoader::defineClass@117 (line 783)
  0x000001beb099a000: 9ce3 0500 

  0x000001beb099a004: ;   {post_call_nop}
  0x000001beb099a004: 0f1f 8400 | 7c06 0010 | 4881 c400 | 0100 005d 

  0x000001beb099a014: ;   {poll_return}
  0x000001beb099a014: 493b 6728 | 0f87 2701 | 0000 c349 | 8b87 8805 | 0000 4d33 | d24d 8997 | 8805 0000 | 4d33 d24d 
  0x000001beb099a034: 8997 9005 | 0000 488b | f048 8d84 | 24e0 0000 | 0048 8b58 | 0841 8bbf | e006 0000 | 493b 5c3f 
  0x000001beb099a054: f80f 8500 | 0100 0041 | 83af e006 | 0000 0849 | 3b5c 3ff0 | 0f84 2a00 | 0000 488b | 03a8 020f 
  0x000001beb099a074: 8512 0000 | 0048 8bf8 | 4883 cf01 | f048 0fb1 | 3b0f 840d | 0000 0041 | 8387 e006 | 0000 08e9 
  0x000001beb099a094: c300 0000 | 488b c6e9 | ee00 0000 

  0x000001beb099a0a0: ;   {runtime_call C1 Runtime throw_null_pointer_exception_blob}
  0x000001beb099a0a0: e8bb f9db 

  0x000001beb099a0a4: ; ImmutableOopMap {rax=Oop r8=Oop [144]=Oop [152]=Oop [160]=Oop [168]=Oop }
                      ;*invokevirtual lastIndexOf {reexecute=0 rethrow=0 return_oop=0}
                      ; - jdk.internal.loader.BuiltinClassLoader::defineClass@8 (line 766)
                      ;   {runtime_call C1 Runtime throw_null_pointer_exception_blob}
  0x000001beb099a0a4: ffe8 b6f9 

  0x000001beb099a0a8: ; ImmutableOopMap {rax=Oop r8=Oop rsi=Oop [144]=Oop [152]=Oop [160]=Oop [168]=Oop }
                      ;*arraylength {reexecute=0 rethrow=0 return_oop=0}
                      ; - java.lang.String::length@4 (line 1583)
                      ; - java.lang.String::lastIndexOf@3 (line 2600)
                      ; - jdk.internal.loader.BuiltinClassLoader::defineClass@8 (line 766)
  0x000001beb099a0a8: dbff 4c89 | 4c24 0848 

  0x000001beb099a0b0: ;   {runtime_call C1 Runtime monitorenter_nofpu_blob}
  0x000001beb099a0b0: 8914 24e8 

  0x000001beb099a0b4: ; ImmutableOopMap {r9=Oop [144]=Oop [152]=Oop [160]=Oop [168]=Oop [232]=Oop }
                      ;*synchronization entry
                      ; - jdk.internal.loader.Resource::cachedInputStream@-1 (line 75)
                      ; - jdk.internal.loader.Resource::getByteBuffer@1 (line 133)
                      ; - jdk.internal.loader.BuiltinClassLoader::defineClass@45 (line 774)
  0x000001beb099a0b4: 2834 dcff | e99f fbff | ff41 8b51 | 0c48 83fa | 000f 84ce | fbff ff48 

  0x000001beb099a0cc: ;   {runtime_call g1_pre_barrier_slow}
  0x000001beb099a0cc: 8914 24e8 | 0c5b dcff | e9c0 fbff | ff48 83f8 | 000f 84d1 | fbff ff4c 

  0x000001beb099a0e4: ;   {runtime_call g1_post_barrier_slow}
  0x000001beb099a0e4: 890c 24e8 | f45d dcff | e9c3 fbff | ff48 8d84 | 24e0 0000 | 0048 8904 

  0x000001beb099a0fc: ;   {runtime_call C1 Runtime monitorexit_nofpu_blob}
  0x000001beb099a0fc: 24e8 de39 | dcff e90c | fcff ff48 

  0x000001beb099a108: ;   {runtime_call C1 Runtime throw_class_cast_exception_blob}
  0x000001beb099a108: 8914 24e8 

  0x000001beb099a10c: ; ImmutableOopMap {[144]=Oop [152]=Oop [160]=Oop [168]=Oop }
                      ;*checkcast {reexecute=0 rethrow=0 return_oop=0}
                      ; - jdk.internal.loader.Resource::getByteBuffer@13 (line 135)
                      ; - jdk.internal.loader.BuiltinClassLoader::defineClass@45 (line 774)
  0x000001beb099a10c: d024 dcff 

  0x000001beb099a110: ;   {runtime_call C1 Runtime fast_new_instance_blob}
  0x000001beb099a110: 488b d2e8 

  0x000001beb099a114: ; ImmutableOopMap {r9=Oop [144]=Oop [160]=Oop [168]=Oop [184]=Oop }
                      ;*new {reexecute=0 rethrow=0 return_oop=0}
                      ; - jdk.internal.loader.BuiltinClassLoader::defineClass@61 (line 777)
  0x000001beb099a114: 4802 dcff | e946 fdff 

  0x000001beb099a11c: ;   {internal_word}
  0x000001beb099a11c: ff49 bad4 | 9e99 b0be | 0100 004d | 8997 e004 

  0x000001beb099a12c: ;   {runtime_call SafepointBlob}
  0x000001beb099a12c: 0000 e92d | 6ed1 ff48 

  0x000001beb099a134: ;   {runtime_call C1 Runtime fast_new_instance_blob}
  0x000001beb099a134: 8bd2 e825 

  0x000001beb099a138: ; ImmutableOopMap {r9=Oop [144]=Oop [160]=Oop [168]=Oop [200]=Oop }
                      ;*new {reexecute=0 rethrow=0 return_oop=0}
                      ; - jdk.internal.loader.BuiltinClassLoader::defineClass@95 (line 782)
  0x000001beb099a138: 02dc ffe9 | 43fe ffff 

  0x000001beb099a140: ;   {runtime_call C1 Runtime throw_null_pointer_exception_blob}
  0x000001beb099a140: e81b f9db 

  0x000001beb099a144: ; ImmutableOopMap {rax=Oop [144]=Oop [160]=Oop [200]=Oop [208]=Oop }
                      ;*arraylength {reexecute=0 rethrow=0 return_oop=0}
                      ; - jdk.internal.loader.BuiltinClassLoader::defineClass@114 (line 783)
                      ;   {internal_word}
  0x000001beb099a144: ff49 ba14 | a099 b0be | 0100 004d | 8997 e004 

  0x000001beb099a154: ;   {runtime_call SafepointBlob}
  0x000001beb099a154: 0000 e905 | 6ed1 ff48 | 8d84 24e0 | 0000 0048 

  0x000001beb099a164: ;   {runtime_call C1 Runtime monitorexit_nofpu_blob}
  0x000001beb099a164: 8904 24e8 | 7439 dcff | e927 ffff | ff49 8b87 | 8805 0000 | 49c7 8788 | 0500 0000 | 0000 0049 
  0x000001beb099a184: c787 9005 | 0000 0000 | 0000 4881 | c400 0100 

  0x000001beb099a194: ;   {runtime_call C1 Runtime unwind_exception_blob}
  0x000001beb099a194: 005d e9c5 | e9db fff4 | f4f4 f4f4 
[Stub Code]
  0x000001beb099a1a0: ;   {other}
  0x000001beb099a1a0: 0f1f 4400 

  0x000001beb099a1a4: ;   {static_stub}
  0x000001beb099a1a4: 0048 bb00 | 0000 0000 

  0x000001beb099a1ac: ;   {runtime_call nmethod}
  0x000001beb099a1ac: 0000 00e9 | fbff ffff 

  0x000001beb099a1b4: ;   {static_stub}
  0x000001beb099a1b4: 9048 bb00 | 0000 0000 

  0x000001beb099a1bc: ;   {runtime_call nmethod}
  0x000001beb099a1bc: 0000 00e9 | fbff ffff 

  0x000001beb099a1c4: ;   {static_stub}
  0x000001beb099a1c4: 9048 bb00 | 0000 0000 

  0x000001beb099a1cc: ;   {runtime_call nmethod}
  0x000001beb099a1cc: 0000 00e9 | fbff ffff 

  0x000001beb099a1d4: ;   {static_stub}
  0x000001beb099a1d4: 9048 bb00 | 0000 0000 

  0x000001beb099a1dc: ;   {runtime_call nmethod}
  0x000001beb099a1dc: 0000 00e9 | fbff ffff 

  0x000001beb099a1e4: ;   {static_stub}
  0x000001beb099a1e4: 9048 bb00 | 0000 0000 

  0x000001beb099a1ec: ;   {runtime_call nmethod}
  0x000001beb099a1ec: 0000 00e9 | fbff ffff 

  0x000001beb099a1f4: ;   {static_stub}
  0x000001beb099a1f4: 9048 bb00 | 0000 0000 

  0x000001beb099a1fc: ;   {runtime_call nmethod}
  0x000001beb099a1fc: 0000 00e9 | fbff ffff 

  0x000001beb099a204: ;   {static_stub}
  0x000001beb099a204: 9048 bb00 | 0000 0000 

  0x000001beb099a20c: ;   {runtime_call nmethod}
  0x000001beb099a20c: 0000 00e9 | fbff ffff 

  0x000001beb099a214: ;   {static_stub}
  0x000001beb099a214: 9048 bb00 | 0000 0000 

  0x000001beb099a21c: ;   {runtime_call nmethod}
  0x000001beb099a21c: 0000 00e9 | fbff ffff 

  0x000001beb099a224: ;   {static_stub}
  0x000001beb099a224: 48bb 0000 | 0000 0000 

  0x000001beb099a22c: ;   {runtime_call nmethod}
  0x000001beb099a22c: 0000 e9fb 

  0x000001beb099a230: ;   {static_stub}
  0x000001beb099a230: ffff ff48 | bb00 0000 | 0000 0000 

  0x000001beb099a23c: ;   {runtime_call nmethod}
  0x000001beb099a23c: 00e9 fbff 

  0x000001beb099a240: ;   {static_stub}
  0x000001beb099a240: ffff 48bb | 58a5 3a37 | 0000 0000 

  0x000001beb099a24c: ;   {runtime_call I2C/C2I adapters}
  0x000001beb099a24c: e9e9 30d1 

  0x000001beb099a250: ;   {static_stub}
  0x000001beb099a250: ff48 bbc8 | b53a 3700 

  0x000001beb099a258: ;   {runtime_call I2C/C2I adapters}
  0x000001beb099a258: 0000 00e9 | d6b9 d1ff 

  0x000001beb099a260: ;   {static_stub}
  0x000001beb099a260: 48bb 0000 | 0000 0000 

  0x000001beb099a268: ;   {runtime_call nmethod}
  0x000001beb099a268: 0000 e9fb 

  0x000001beb099a26c: ;   {static_stub}
  0x000001beb099a26c: ffff ff48 | bbc8 65b0 | 3700 0000 

  0x000001beb099a278: ;   {runtime_call I2C/C2I adapters}
  0x000001beb099a278: 00e9 c6b6 

  0x000001beb099a27c: ;   {static_stub}
  0x000001beb099a27c: d0ff 48bb | 0000 0000 | 0000 0000 

  0x000001beb099a288: ;   {runtime_call nmethod}
  0x000001beb099a288: e9fb ffff 

  0x000001beb099a28c: ;   {runtime_call C1 Runtime handle_exception_from_callee_blob}
  0x000001beb099a28c: ffe8 4e1d 

  0x000001beb099a290: ;   {external_word}
  0x000001beb099a290: dcff 48b9 | 0005 fab9 | fb7f 0000 | 4883 e4f0 

  0x000001beb099a2a0: ;   {runtime_call}
  0x000001beb099a2a0: 48b8 302f | b4b9 fb7f | 0000 ffd0 

  0x000001beb099a2ac: ;   {section_word}
  0x000001beb099a2ac: f449 baad | a299 b0be | 0100 0041 

  0x000001beb099a2b8: ;   {runtime_call DeoptimizationBlob}
  0x000001beb099a2b8: 52e9 a26f | d1ff f4f4 
[/MachCode]


---------------  P R O C E S S  ---------------

Threads class SMR info:
_java_thread_list=0x000001beb84e6cb0, length=13, elements={
0x000001beabd77940, 0x000001beb82733a0, 0x000001beb8277940, 0x000001beb8278f30,
0x000001beabe29610, 0x000001beabe29de0, 0x000001beb8281ba0, 0x000001beb827cd80,
0x000001beb8289560, 0x000001beb8483ca0, 0x000001beb84848c0, 0x000001beb827fc60,
0x000001beb82813d0
}

Java Threads: ( => current thread )
=>0x000001beabd77940 JavaThread "main"                              [_thread_in_vm, id=15924, stack(0x0000002575b00000,0x0000002575c00000) (1024K)]
  0x000001beb82733a0 JavaThread "Common-Cleaner"             daemon [_thread_blocked, id=13104, stack(0x0000002576300000,0x0000002576400000) (1024K)]
  0x000001beb8277940 JavaThread "Reference Handler"          daemon [_thread_blocked, id=3800, stack(0x0000002576400000,0x0000002576500000) (1024K)]
  0x000001beb8278f30 JavaThread "Finalizer"                  daemon [_thread_blocked, id=4476, stack(0x0000002576500000,0x0000002576600000) (1024K)]
  0x000001beabe29610 JavaThread "Signal Dispatcher"          daemon [_thread_blocked, id=1028, stack(0x0000002576600000,0x0000002576700000) (1024K)]
  0x000001beabe29de0 JavaThread "Attach Listener"            daemon [_thread_blocked, id=16636, stack(0x0000002576700000,0x0000002576800000) (1024K)]
  0x000001beb8281ba0 JavaThread "Service Thread"             daemon [_thread_blocked, id=2376, stack(0x0000002576800000,0x0000002576900000) (1024K)]
  0x000001beb827cd80 JavaThread "Monitor Deflation Thread"   daemon [_thread_blocked, id=13820, stack(0x0000002576900000,0x0000002576a00000) (1024K)]
  0x000001beb8289560 JavaThread "C1 CompilerThread0"         daemon [_thread_blocked, id=9852, stack(0x0000002576a00000,0x0000002576b00000) (1024K)]
  0x000001beb8483ca0 JavaThread "C1 CompilerThread1"         daemon [_thread_blocked, id=13332, stack(0x0000002576b00000,0x0000002576c00000) (1024K)]
  0x000001beb84848c0 JavaThread "C1 CompilerThread2"         daemon [_thread_blocked, id=13420, stack(0x0000002576c00000,0x0000002576d00000) (1024K)]
  0x000001beb827fc60 JavaThread "Monitor Ctrl-Break"         daemon [_thread_in_native, id=12996, stack(0x0000002576d00000,0x0000002576e00000) (1024K)]
  0x000001beb82813d0 JavaThread "Notification Thread"        daemon [_thread_blocked, id=8612, stack(0x0000002576e00000,0x0000002576f00000) (1024K)]
Total: 13

Other Threads:
  0x000001beb8261d20 VMThread "VM Thread"                           [id=3364, stack(0x0000002576200000,0x0000002576300000) (1024K)]
  0x000001beb8253ce0 WatcherThread "VM Periodic Task Thread"        [id=8824, stack(0x0000002576100000,0x0000002576200000) (1024K)]
  0x000001beabdd2280 WorkerThread "GC Thread#0"                     [id=12468, stack(0x0000002575c00000,0x0000002575d00000) (1024K)]
  0x000001bebd8aeb30 WorkerThread "GC Thread#1"                     [id=3620, stack(0x0000002576f00000,0x0000002577000000) (1024K)]
  0x000001bebd8aef60 WorkerThread "GC Thread#2"                     [id=14856, stack(0x0000002577000000,0x0000002577100000) (1024K)]
  0x000001beabdec000 ConcurrentGCThread "G1 Main Marker"            [id=15440, stack(0x0000002575d00000,0x0000002575e00000) (1024K)]
  0x000001beabdeef60 WorkerThread "G1 Conc#0"                       [id=12428, stack(0x0000002575e00000,0x0000002575f00000) (1024K)]
  0x000001beabe239a0 ConcurrentGCThread "G1 Refine#0"               [id=10760, stack(0x0000002575f00000,0x0000002576000000) (1024K)]
  0x000001beabe245b0 ConcurrentGCThread "G1 Service"                [id=1496, stack(0x0000002576000000,0x0000002576100000) (1024K)]
Total: 9

Threads with active compile tasks:
Total: 0

VM state: not at safepoint (normal execution)

VM Mutex/Monitor currently owned by a thread:  ([mutex/lock_event])
[0x00007ffbba298b60] Metaspace_lock - owner thread: 0x000001beabd77940

OutOfMemory and StackOverflow Exception counts:
OutOfMemoryError java_heap_errors=1
LinkageErrors=24

Heap address: 0x0000000081a00000, size: 2022 MB, Compressed Oops mode: 32-bit

CDS archive(s) mapped at: [0x0000000037000000-0x0000000038cd0000-0x0000000038cd0000), size 30212096, SharedBaseAddress: 0x0000000037000000, ArchiveRelocationMode: 1.
Compressed class space mapped at: 0x0000000039000000-0x0000000079000000, reserved size: 1073741824
UseCompressedClassPointers 1, UseCompactObjectHeaders 0
Narrow klass pointer bits 32, Max shift 3
Narrow klass base: 0x0000000037000000, Narrow klass shift: 0
Encoding Range: [0x0000000037000000 - 0x0000000137000000), (4294967296 bytes)
Klass Range:    [0x0000000037010000 - 0x0000000079000000), (1107230720 bytes)
Klass ID Range:  [65536 - 1107296249) (1107230713)
Protection zone: [0x0000000037000000 - 0x0000000037010000), (65536 bytes)

GC Precious Log:
 CardTable entry size: 512
 Card Set container configuration: InlinePtr #cards 5 size 8 Array Of Cards #cards 10 size 36 Howl #buckets 4 coarsen threshold 1843 Howl Bitmap #cards 512 size 80 coarsen threshold 460 Card regions per heap region 1 cards per card region 2048
 CPUs: 4 total, 4 available
 Memory: 8085M
 Large Page Support: Disabled
 NUMA Support: Disabled
 Compressed Oops: Enabled (32-bit)
 Heap Region Size: 1M
 Heap Min Capacity: 8M
 Heap Initial Capacity: 128M
 Heap Max Capacity: 2022M
 Pre-touch: Disabled
 Parallel Workers: 4
 Concurrent Workers: 1
 Concurrent Refinement Workers: 4
 Periodic GC: Disabled

Heap:
 garbage-first heap   total reserved 2070528K, committed 134144K, used 35284K [0x0000000081a00000, 0x0000000100000000)
  region size 1024K, 22 young (22528K), 4 survivors (4096K)

Heap Regions: E=young(eden), S=young(survivor), O=old, HS=humongous(starts), HC=humongous(continues), CS=collection set, F=free, TAMS=top-at-mark-start, PB=parsable bottom
|   0|0x0000000081a00000, 0x0000000081b00000, 0x0000000081b00000|100%|HS|  |TAMS 0x0000000081a00000| PB 0x0000000081a00000| Complete |  0
|   1|0x0000000081b00000, 0x0000000081c00000, 0x0000000081c00000|100%|HS|  |TAMS 0x0000000081b00000| PB 0x0000000081b00000| Complete |  0
|   2|0x0000000081c00000, 0x0000000081d00000, 0x0000000081d00000|100%|HS|  |TAMS 0x0000000081c00000| PB 0x0000000081c00000| Complete |  0
|   3|0x0000000081d00000, 0x0000000081d00000, 0x0000000081e00000|  0%| F|  |TAMS 0x0000000081d00000| PB 0x0000000081d00000| Untracked |  0
|   4|0x0000000081e00000, 0x0000000081f00000, 0x0000000081f00000|100%|HS|  |TAMS 0x0000000081e00000| PB 0x0000000081e00000| Complete |  0
|   5|0x0000000081f00000, 0x0000000082000000, 0x0000000082000000|100%|HS|  |TAMS 0x0000000081f00000| PB 0x0000000081f00000| Complete |  0
|   6|0x0000000082000000, 0x0000000082100000, 0x0000000082100000|100%| O|  |TAMS 0x0000000082000000| PB 0x0000000082000000| Untracked |  0
|   7|0x0000000082100000, 0x0000000082200000, 0x0000000082200000|100%| O|  |TAMS 0x0000000082100000| PB 0x0000000082100000| Untracked |  0
|   8|0x0000000082200000, 0x0000000082300000, 0x0000000082300000|100%| O|  |TAMS 0x0000000082200000| PB 0x0000000082200000| Untracked |  0
|   9|0x0000000082300000, 0x0000000082400000, 0x0000000082400000|100%| O|  |TAMS 0x0000000082300000| PB 0x0000000082300000| Untracked |  0
|  10|0x0000000082400000, 0x0000000082500000, 0x0000000082500000|100%| O|  |TAMS 0x0000000082400000| PB 0x0000000082400000| Untracked |  0
|  11|0x0000000082500000, 0x0000000082600000, 0x0000000082600000|100%| O|  |TAMS 0x0000000082500000| PB 0x0000000082500000| Untracked |  0
|  12|0x0000000082600000, 0x000000008262aa80, 0x0000000082700000| 16%| O|  |TAMS 0x0000000082600000| PB 0x0000000082600000| Untracked |  0
|  13|0x0000000082700000, 0x0000000082700000, 0x0000000082800000|  0%| F|  |TAMS 0x0000000082700000| PB 0x0000000082700000| Untracked |  0
|  14|0x0000000082800000, 0x0000000082800000, 0x0000000082900000|  0%| F|  |TAMS 0x0000000082800000| PB 0x0000000082800000| Untracked |  0
|  15|0x0000000082900000, 0x0000000082900000, 0x0000000082a00000|  0%| F|  |TAMS 0x0000000082900000| PB 0x0000000082900000| Untracked |  0
|  16|0x0000000082a00000, 0x0000000082a00000, 0x0000000082b00000|  0%| F|  |TAMS 0x0000000082a00000| PB 0x0000000082a00000| Untracked |  0
|  17|0x0000000082b00000, 0x0000000082b00000, 0x0000000082c00000|  0%| F|  |TAMS 0x0000000082b00000| PB 0x0000000082b00000| Untracked |  0
|  18|0x0000000082c00000, 0x0000000082c00000, 0x0000000082d00000|  0%| F|  |TAMS 0x0000000082c00000| PB 0x0000000082c00000| Untracked |  0
|  19|0x0000000082d00000, 0x0000000082d00000, 0x0000000082e00000|  0%| F|  |TAMS 0x0000000082d00000| PB 0x0000000082d00000| Untracked |  0
|  20|0x0000000082e00000, 0x0000000082e00000, 0x0000000082f00000|  0%| F|  |TAMS 0x0000000082e00000| PB 0x0000000082e00000| Untracked |  0
|  21|0x0000000082f00000, 0x0000000082f00000, 0x0000000083000000|  0%| F|  |TAMS 0x0000000082f00000| PB 0x0000000082f00000| Untracked |  0
|  22|0x0000000083000000, 0x0000000083000000, 0x0000000083100000|  0%| F|  |TAMS 0x0000000083000000| PB 0x0000000083000000| Untracked |  0
|  23|0x0000000083100000, 0x0000000083100000, 0x0000000083200000|  0%| F|  |TAMS 0x0000000083100000| PB 0x0000000083100000| Untracked |  0
|  24|0x0000000083200000, 0x0000000083200000, 0x0000000083300000|  0%| F|  |TAMS 0x0000000083200000| PB 0x0000000083200000| Untracked |  0
|  25|0x0000000083300000, 0x0000000083300000, 0x0000000083400000|  0%| F|  |TAMS 0x0000000083300000| PB 0x0000000083300000| Untracked |  0
|  26|0x0000000083400000, 0x0000000083400000, 0x0000000083500000|  0%| F|  |TAMS 0x0000000083400000| PB 0x0000000083400000| Untracked |  0
|  27|0x0000000083500000, 0x0000000083500000, 0x0000000083600000|  0%| F|  |TAMS 0x0000000083500000| PB 0x0000000083500000| Untracked |  0
|  28|0x0000000083600000, 0x0000000083600000, 0x0000000083700000|  0%| F|  |TAMS 0x0000000083600000| PB 0x0000000083600000| Untracked |  0
|  29|0x0000000083700000, 0x0000000083700000, 0x0000000083800000|  0%| F|  |TAMS 0x0000000083700000| PB 0x0000000083700000| Untracked |  0
|  30|0x0000000083800000, 0x0000000083800000, 0x0000000083900000|  0%| F|  |TAMS 0x0000000083800000| PB 0x0000000083800000| Untracked |  0
|  31|0x0000000083900000, 0x0000000083900000, 0x0000000083a00000|  0%| F|  |TAMS 0x0000000083900000| PB 0x0000000083900000| Untracked |  0
|  32|0x0000000083a00000, 0x0000000083a00000, 0x0000000083b00000|  0%| F|  |TAMS 0x0000000083a00000| PB 0x0000000083a00000| Untracked |  0
|  33|0x0000000083b00000, 0x0000000083b00000, 0x0000000083c00000|  0%| F|  |TAMS 0x0000000083b00000| PB 0x0000000083b00000| Untracked |  0
|  34|0x0000000083c00000, 0x0000000083c00000, 0x0000000083d00000|  0%| F|  |TAMS 0x0000000083c00000| PB 0x0000000083c00000| Untracked |  0
|  35|0x0000000083d00000, 0x0000000083d00000, 0x0000000083e00000|  0%| F|  |TAMS 0x0000000083d00000| PB 0x0000000083d00000| Untracked |  0
|  36|0x0000000083e00000, 0x0000000083e00000, 0x0000000083f00000|  0%| F|  |TAMS 0x0000000083e00000| PB 0x0000000083e00000| Untracked |  0
|  37|0x0000000083f00000, 0x0000000083f00000, 0x0000000084000000|  0%| F|  |TAMS 0x0000000083f00000| PB 0x0000000083f00000| Untracked |  0
|  38|0x0000000084000000, 0x0000000084000000, 0x0000000084100000|  0%| F|  |TAMS 0x0000000084000000| PB 0x0000000084000000| Untracked |  0
|  39|0x0000000084100000, 0x0000000084100000, 0x0000000084200000|  0%| F|  |TAMS 0x0000000084100000| PB 0x0000000084100000| Untracked |  0
|  40|0x0000000084200000, 0x0000000084200000, 0x0000000084300000|  0%| F|  |TAMS 0x0000000084200000| PB 0x0000000084200000| Untracked |  0
|  41|0x0000000084300000, 0x0000000084300000, 0x0000000084400000|  0%| F|  |TAMS 0x0000000084300000| PB 0x0000000084300000| Untracked |  0
|  42|0x0000000084400000, 0x0000000084400000, 0x0000000084500000|  0%| F|  |TAMS 0x0000000084400000| PB 0x0000000084400000| Untracked |  0
|  43|0x0000000084500000, 0x0000000084500000, 0x0000000084600000|  0%| F|  |TAMS 0x0000000084500000| PB 0x0000000084500000| Untracked |  0
|  44|0x0000000084600000, 0x0000000084600000, 0x0000000084700000|  0%| F|  |TAMS 0x0000000084600000| PB 0x0000000084600000| Untracked |  0
|  45|0x0000000084700000, 0x0000000084700000, 0x0000000084800000|  0%| F|  |TAMS 0x0000000084700000| PB 0x0000000084700000| Untracked |  0
|  46|0x0000000084800000, 0x0000000084800000, 0x0000000084900000|  0%| F|  |TAMS 0x0000000084800000| PB 0x0000000084800000| Untracked |  0
|  47|0x0000000084900000, 0x0000000084900000, 0x0000000084a00000|  0%| F|  |TAMS 0x0000000084900000| PB 0x0000000084900000| Untracked |  0
|  48|0x0000000084a00000, 0x0000000084a00000, 0x0000000084b00000|  0%| F|  |TAMS 0x0000000084a00000| PB 0x0000000084a00000| Untracked |  0
|  49|0x0000000084b00000, 0x0000000084b00000, 0x0000000084c00000|  0%| F|  |TAMS 0x0000000084b00000| PB 0x0000000084b00000| Untracked |  0
|  50|0x0000000084c00000, 0x0000000084c00000, 0x0000000084d00000|  0%| F|  |TAMS 0x0000000084c00000| PB 0x0000000084c00000| Untracked |  0
|  51|0x0000000084d00000, 0x0000000084d00000, 0x0000000084e00000|  0%| F|  |TAMS 0x0000000084d00000| PB 0x0000000084d00000| Untracked |  0
|  52|0x0000000084e00000, 0x0000000084e00000, 0x0000000084f00000|  0%| F|  |TAMS 0x0000000084e00000| PB 0x0000000084e00000| Untracked |  0
|  53|0x0000000084f00000, 0x0000000084f00000, 0x0000000085000000|  0%| F|  |TAMS 0x0000000084f00000| PB 0x0000000084f00000| Untracked |  0
|  54|0x0000000085000000, 0x0000000085000000, 0x0000000085100000|  0%| F|  |TAMS 0x0000000085000000| PB 0x0000000085000000| Untracked |  0
|  55|0x0000000085100000, 0x0000000085100000, 0x0000000085200000|  0%| F|  |TAMS 0x0000000085100000| PB 0x0000000085100000| Untracked |  0
|  56|0x0000000085200000, 0x0000000085200000, 0x0000000085300000|  0%| F|  |TAMS 0x0000000085200000| PB 0x0000000085200000| Untracked |  0
|  57|0x0000000085300000, 0x0000000085300000, 0x0000000085400000|  0%| F|  |TAMS 0x0000000085300000| PB 0x0000000085300000| Untracked |  0
|  58|0x0000000085400000, 0x0000000085400000, 0x0000000085500000|  0%| F|  |TAMS 0x0000000085400000| PB 0x0000000085400000| Untracked |  0
|  59|0x0000000085500000, 0x0000000085500000, 0x0000000085600000|  0%| F|  |TAMS 0x0000000085500000| PB 0x0000000085500000| Untracked |  0
|  60|0x0000000085600000, 0x0000000085600000, 0x0000000085700000|  0%| F|  |TAMS 0x0000000085600000| PB 0x0000000085600000| Untracked |  0
|  61|0x0000000085700000, 0x0000000085700000, 0x0000000085800000|  0%| F|  |TAMS 0x0000000085700000| PB 0x0000000085700000| Untracked |  0
|  62|0x0000000085800000, 0x0000000085800000, 0x0000000085900000|  0%| F|  |TAMS 0x0000000085800000| PB 0x0000000085800000| Untracked |  0
|  63|0x0000000085900000, 0x0000000085900000, 0x0000000085a00000|  0%| F|  |TAMS 0x0000000085900000| PB 0x0000000085900000| Untracked |  0
|  64|0x0000000085a00000, 0x0000000085a00000, 0x0000000085b00000|  0%| F|  |TAMS 0x0000000085a00000| PB 0x0000000085a00000| Untracked |  0
|  65|0x0000000085b00000, 0x0000000085b00000, 0x0000000085c00000|  0%| F|  |TAMS 0x0000000085b00000| PB 0x0000000085b00000| Untracked |  0
|  66|0x0000000085c00000, 0x0000000085c00000, 0x0000000085d00000|  0%| F|  |TAMS 0x0000000085c00000| PB 0x0000000085c00000| Untracked |  0
|  67|0x0000000085d00000, 0x0000000085d00000, 0x0000000085e00000|  0%| F|  |TAMS 0x0000000085d00000| PB 0x0000000085d00000| Untracked |  0
|  68|0x0000000085e00000, 0x0000000085e00000, 0x0000000085f00000|  0%| F|  |TAMS 0x0000000085e00000| PB 0x0000000085e00000| Untracked |  0
|  69|0x0000000085f00000, 0x0000000085f00000, 0x0000000086000000|  0%| F|  |TAMS 0x0000000085f00000| PB 0x0000000085f00000| Untracked |  0
|  70|0x0000000086000000, 0x0000000086000000, 0x0000000086100000|  0%| F|  |TAMS 0x0000000086000000| PB 0x0000000086000000| Untracked |  0
|  71|0x0000000086100000, 0x0000000086100000, 0x0000000086200000|  0%| F|  |TAMS 0x0000000086100000| PB 0x0000000086100000| Untracked |  0
|  72|0x0000000086200000, 0x0000000086200000, 0x0000000086300000|  0%| F|  |TAMS 0x0000000086200000| PB 0x0000000086200000| Untracked |  0
|  73|0x0000000086300000, 0x0000000086300000, 0x0000000086400000|  0%| F|  |TAMS 0x0000000086300000| PB 0x0000000086300000| Untracked |  0
|  74|0x0000000086400000, 0x0000000086400000, 0x0000000086500000|  0%| F|  |TAMS 0x0000000086400000| PB 0x0000000086400000| Untracked |  0
|  75|0x0000000086500000, 0x0000000086500000, 0x0000000086600000|  0%| F|  |TAMS 0x0000000086500000| PB 0x0000000086500000| Untracked |  0
|  76|0x0000000086600000, 0x0000000086600000, 0x0000000086700000|  0%| F|  |TAMS 0x0000000086600000| PB 0x0000000086600000| Untracked |  0
|  77|0x0000000086700000, 0x0000000086700000, 0x0000000086800000|  0%| F|  |TAMS 0x0000000086700000| PB 0x0000000086700000| Untracked |  0
|  78|0x0000000086800000, 0x0000000086800000, 0x0000000086900000|  0%| F|  |TAMS 0x0000000086800000| PB 0x0000000086800000| Untracked |  0
|  79|0x0000000086900000, 0x0000000086900000, 0x0000000086a00000|  0%| F|  |TAMS 0x0000000086900000| PB 0x0000000086900000| Untracked |  0
|  80|0x0000000086a00000, 0x0000000086a00000, 0x0000000086b00000|  0%| F|  |TAMS 0x0000000086a00000| PB 0x0000000086a00000| Untracked |  0
|  81|0x0000000086b00000, 0x0000000086b00000, 0x0000000086c00000|  0%| F|  |TAMS 0x0000000086b00000| PB 0x0000000086b00000| Untracked |  0
|  82|0x0000000086c00000, 0x0000000086c00000, 0x0000000086d00000|  0%| F|  |TAMS 0x0000000086c00000| PB 0x0000000086c00000| Untracked |  0
|  83|0x0000000086d00000, 0x0000000086d00000, 0x0000000086e00000|  0%| F|  |TAMS 0x0000000086d00000| PB 0x0000000086d00000| Untracked |  0
|  84|0x0000000086e00000, 0x0000000086e00000, 0x0000000086f00000|  0%| F|  |TAMS 0x0000000086e00000| PB 0x0000000086e00000| Untracked |  0
|  85|0x0000000086f00000, 0x0000000086f00000, 0x0000000087000000|  0%| F|  |TAMS 0x0000000086f00000| PB 0x0000000086f00000| Untracked |  0
|  86|0x0000000087000000, 0x0000000087000000, 0x0000000087100000|  0%| F|  |TAMS 0x0000000087000000| PB 0x0000000087000000| Untracked |  0
|  87|0x0000000087100000, 0x0000000087100000, 0x0000000087200000|  0%| F|  |TAMS 0x0000000087100000| PB 0x0000000087100000| Untracked |  0
|  88|0x0000000087200000, 0x0000000087200000, 0x0000000087300000|  0%| F|  |TAMS 0x0000000087200000| PB 0x0000000087200000| Untracked |  0
|  89|0x0000000087300000, 0x0000000087300000, 0x0000000087400000|  0%| F|  |TAMS 0x0000000087300000| PB 0x0000000087300000| Untracked |  0
|  90|0x0000000087400000, 0x0000000087400000, 0x0000000087500000|  0%| F|  |TAMS 0x0000000087400000| PB 0x0000000087400000| Untracked |  0
|  91|0x0000000087500000, 0x0000000087500000, 0x0000000087600000|  0%| F|  |TAMS 0x0000000087500000| PB 0x0000000087500000| Untracked |  0
|  92|0x0000000087600000, 0x0000000087600000, 0x0000000087700000|  0%| F|  |TAMS 0x0000000087600000| PB 0x0000000087600000| Untracked |  0
|  93|0x0000000087700000, 0x0000000087700000, 0x0000000087800000|  0%| F|  |TAMS 0x0000000087700000| PB 0x0000000087700000| Untracked |  0
|  94|0x0000000087800000, 0x0000000087800000, 0x0000000087900000|  0%| F|  |TAMS 0x0000000087800000| PB 0x0000000087800000| Untracked |  0
|  95|0x0000000087900000, 0x0000000087900000, 0x0000000087a00000|  0%| F|  |TAMS 0x0000000087900000| PB 0x0000000087900000| Untracked |  0
|  96|0x0000000087a00000, 0x0000000087b00000, 0x0000000087b00000|100%| S|CS|TAMS 0x0000000087a00000| PB 0x0000000087a00000| Complete |  0
|  97|0x0000000087b00000, 0x0000000087c00000, 0x0000000087c00000|100%| S|CS|TAMS 0x0000000087b00000| PB 0x0000000087b00000| Complete |  0
|  98|0x0000000087c00000, 0x0000000087d00000, 0x0000000087d00000|100%| S|CS|TAMS 0x0000000087c00000| PB 0x0000000087c00000| Complete |  0
|  99|0x0000000087d00000, 0x0000000087e00000, 0x0000000087e00000|100%| S|CS|TAMS 0x0000000087d00000| PB 0x0000000087d00000| Complete |  0
| 100|0x0000000087e00000, 0x0000000087e00000, 0x0000000087f00000|  0%| F|  |TAMS 0x0000000087e00000| PB 0x0000000087e00000| Untracked |  0
| 101|0x0000000087f00000, 0x0000000087f00000, 0x0000000088000000|  0%| F|  |TAMS 0x0000000087f00000| PB 0x0000000087f00000| Untracked |  0
| 102|0x0000000088000000, 0x0000000088000000, 0x0000000088100000|  0%| F|  |TAMS 0x0000000088000000| PB 0x0000000088000000| Untracked |  0
| 103|0x0000000088100000, 0x0000000088100000, 0x0000000088200000|  0%| F|  |TAMS 0x0000000088100000| PB 0x0000000088100000| Untracked |  0
| 104|0x0000000088200000, 0x0000000088200000, 0x0000000088300000|  0%| F|  |TAMS 0x0000000088200000| PB 0x0000000088200000| Untracked |  0
| 105|0x0000000088300000, 0x0000000088300000, 0x0000000088400000|  0%| F|  |TAMS 0x0000000088300000| PB 0x0000000088300000| Untracked |  0
| 106|0x0000000088400000, 0x0000000088400000, 0x0000000088500000|  0%| F|  |TAMS 0x0000000088400000| PB 0x0000000088400000| Untracked |  0
| 107|0x0000000088500000, 0x0000000088500000, 0x0000000088600000|  0%| F|  |TAMS 0x0000000088500000| PB 0x0000000088500000| Untracked |  0
| 108|0x0000000088600000, 0x0000000088600000, 0x0000000088700000|  0%| F|  |TAMS 0x0000000088600000| PB 0x0000000088600000| Untracked |  0
| 109|0x0000000088700000, 0x0000000088700000, 0x0000000088800000|  0%| F|  |TAMS 0x0000000088700000| PB 0x0000000088700000| Untracked |  0
| 110|0x0000000088800000, 0x0000000088874518, 0x0000000088900000| 45%| E|  |TAMS 0x0000000088800000| PB 0x0000000088800000| Complete |  0
| 111|0x0000000088900000, 0x0000000088a00000, 0x0000000088a00000|100%| E|CS|TAMS 0x0000000088900000| PB 0x0000000088900000| Complete |  0
| 112|0x0000000088a00000, 0x0000000088b00000, 0x0000000088b00000|100%| E|CS|TAMS 0x0000000088a00000| PB 0x0000000088a00000| Complete |  0
| 113|0x0000000088b00000, 0x0000000088c00000, 0x0000000088c00000|100%| E|CS|TAMS 0x0000000088b00000| PB 0x0000000088b00000| Complete |  0
| 114|0x0000000088c00000, 0x0000000088d00000, 0x0000000088d00000|100%| E|CS|TAMS 0x0000000088c00000| PB 0x0000000088c00000| Complete |  0
| 115|0x0000000088d00000, 0x0000000088e00000, 0x0000000088e00000|100%| E|CS|TAMS 0x0000000088d00000| PB 0x0000000088d00000| Complete |  0
| 116|0x0000000088e00000, 0x0000000088f00000, 0x0000000088f00000|100%| E|CS|TAMS 0x0000000088e00000| PB 0x0000000088e00000| Complete |  0
| 117|0x0000000088f00000, 0x0000000089000000, 0x0000000089000000|100%| E|CS|TAMS 0x0000000088f00000| PB 0x0000000088f00000| Complete |  0
| 118|0x0000000089000000, 0x0000000089100000, 0x0000000089100000|100%| E|CS|TAMS 0x0000000089000000| PB 0x0000000089000000| Complete |  0
| 119|0x0000000089100000, 0x0000000089200000, 0x0000000089200000|100%| E|CS|TAMS 0x0000000089100000| PB 0x0000000089100000| Complete |  0
| 120|0x0000000089200000, 0x0000000089300000, 0x0000000089300000|100%| E|CS|TAMS 0x0000000089200000| PB 0x0000000089200000| Complete |  0
| 121|0x0000000089300000, 0x0000000089400000, 0x0000000089400000|100%| E|CS|TAMS 0x0000000089300000| PB 0x0000000089300000| Complete |  0
| 122|0x0000000089400000, 0x0000000089500000, 0x0000000089500000|100%| E|CS|TAMS 0x0000000089400000| PB 0x0000000089400000| Complete |  0
| 123|0x0000000089500000, 0x0000000089600000, 0x0000000089600000|100%| E|CS|TAMS 0x0000000089500000| PB 0x0000000089500000| Complete |  0
| 124|0x0000000089600000, 0x0000000089700000, 0x0000000089700000|100%| E|CS|TAMS 0x0000000089600000| PB 0x0000000089600000| Complete |  0
| 125|0x0000000089700000, 0x0000000089800000, 0x0000000089800000|100%| E|CS|TAMS 0x0000000089700000| PB 0x0000000089700000| Complete |  0
| 126|0x0000000089800000, 0x0000000089900000, 0x0000000089900000|100%| E|CS|TAMS 0x0000000089800000| PB 0x0000000089800000| Complete |  0
| 127|0x0000000089900000, 0x0000000089a00000, 0x0000000089a00000|100%| E|CS|TAMS 0x0000000089900000| PB 0x0000000089900000| Complete |  0
|2019|0x00000000ffd00000, 0x00000000ffe00000, 0x00000000ffe00000|100%| O|  |TAMS 0x00000000ffd00000| PB 0x00000000ffd00000| Untracked |  0
|2020|0x00000000ffe00000, 0x00000000fff00000, 0x00000000fff00000|100%| O|  |TAMS 0x00000000ffe00000| PB 0x00000000ffe00000| Untracked |  0
|2021|0x00000000fff00000, 0x00000000fff4a918, 0x0000000100000000| 29%| O|  |TAMS 0x00000000fff00000| PB 0x00000000fff00000| Untracked |  0

Card table byte_map: [0x000001beb3a60000,0x000001beb3e60000] _byte_map_base: 0x000001beb3653000

Marking Bits: (CMBitMap*) 0x000001beabdd2a10
 Bits: [0x000001beb3e60000, 0x000001beb5df8000)

Polling page: 0x000001bea9a10000

Metaspace:
Metaspace        used 5856K, committed 6016K, reserved 1114112K
 class space     used 882K, committed 960K, reserved 1048576K

Usage:
  Non-class:      4.86 MB used.
      Class:    882.16 KB used.
       Both:      5.72 MB used.

Virtual space:
  Non-class space:       64.00 MB reserved,       4.94 MB (  8%) committed,  1 nodes.
      Class space:        1.00 GB reserved,     960.00 KB ( <1%) committed,  1 nodes.
             Both:        1.06 GB reserved,       5.88 MB ( <1%) committed. 

Chunk freelists:
   Non-Class:  7.95 MB
       Class:  14.98 MB
        Both:  22.94 MB

MaxMetaspaceSize: unlimited
CompressedClassSpaceSize: 1.00 GB
Initial GC threshold: 21.00 MB
Current GC threshold: 21.00 MB
CDS: on
 - commit_granule_bytes: 65536.
 - commit_granule_words: 8192.
 - virtual_space_node_default_size: 8388608.
 - enlarge_chunks_in_place: 1.
UseCompressedClassPointers 1, UseCompactObjectHeaders 0
Narrow klass pointer bits 32, Max shift 3
Narrow klass base: 0x0000000037000000, Narrow klass shift: 0
Encoding Range: [0x0000000037000000 - 0x0000000137000000), (4294967296 bytes)
Klass Range:    [0x0000000037010000 - 0x0000000079000000), (1107230720 bytes)
Klass ID Range:  [65536 - 1107296249) (1107230713)
Protection zone: [0x0000000037000000 - 0x0000000037010000), (65536 bytes)


Internal statistics:

num_allocs_failed_limit: 0.
num_arena_births: 114.
num_arena_deaths: 0.
num_vsnodes_births: 2.
num_vsnodes_deaths: 0.
num_space_committed: 94.
num_space_uncommitted: 0.
num_chunks_returned_to_freelist: 0.
num_chunks_taken_from_freelist: 351.
num_chunk_merges: 0.
num_chunk_splits: 228.
num_chunks_enlarged: 172.
num_inconsistent_stats: 0.

CodeCache: size=49152Kb used=4107Kb max_used=4107Kb free=45045Kb
 bounds [0x000001beb0660000, 0x000001beb0a70000, 0x000001beb3660000]
 total_blobs=2173, nmethods=1681, adapters=414, full_count=0
Compilation: enabled, stopped_count=0, restarted_count=0

Compilation events (20 events):
Event: 1.931 Thread 0x000001beb8483ca0 1673       1       java.lang.reflect.Method::getDeclaringClass (5 bytes)
Event: 1.931 Thread 0x000001beb8483ca0 nmethod 1673 0x000001beb0a60e08 code [0x000001beb0a60f00, 0x000001beb0a60fc8]
Event: 1.933 Thread 0x000001beb84848c0 1674       1       java.lang.System$1::getEnumConstantsShared (8 bytes)
Event: 1.933 Thread 0x000001beb84848c0 nmethod 1674 0x000001beb0a61108 code [0x000001beb0a61200, 0x000001beb0a61320]
Event: 2.021 Thread 0x000001beb84848c0 1675       1       java.lang.classfile.CodeBuilder::checkcast (19 bytes)
Event: 2.022 Thread 0x000001beb8483ca0 1676       1       jdk.internal.classfile.impl.DirectCodeBuilder::checkcast (13 bytes)
Event: 2.022 Thread 0x000001beb8483ca0 nmethod 1676 0x000001beb0a61408 code [0x000001beb0a61500, 0x000001beb0a61628]
Event: 2.022 Thread 0x000001beb84848c0 nmethod 1675 0x000001beb0a61708 code [0x000001beb0a61800, 0x000001beb0a619d0]
Event: 2.024 Thread 0x000001beb84848c0 1677       1       java.util.concurrent.CopyOnWriteArrayList::elementAt (4 bytes)
Event: 2.024 Thread 0x000001beb84848c0 nmethod 1677 0x000001beb0a61a08 code [0x000001beb0a61b00, 0x000001beb0a61bd0]
Event: 2.025 Thread 0x000001beb8289560 1678       1       java.util.concurrent.CopyOnWriteArrayList::get (9 bytes)
Event: 2.025 Thread 0x000001beb8289560 nmethod 1678 0x000001beb0a61d08 code [0x000001beb0a61e00, 0x000001beb0a61ef0]
Event: 2.035 Thread 0x000001beb84848c0 1679       1       java.lang.invoke.Invokers$Holder::linkToTargetMethod (10 bytes)
Event: 2.035 Thread 0x000001beb84848c0 nmethod 1679 0x000001beb0a62008 code [0x000001beb0a62100, 0x000001beb0a62220]
Event: 2.036 Thread 0x000001beb84848c0 1680       1       jdk.internal.reflect.ReflectionFactory::getExecutableSharedParameterTypes (11 bytes)
Event: 2.036 Thread 0x000001beb8289560 1681       1       java.lang.reflect.ReflectAccess::getExecutableSharedParameterTypes (5 bytes)
Event: 2.036 Thread 0x000001beb8289560 nmethod 1681 0x000001beb0a62308 code [0x000001beb0a62400, 0x000001beb0a624f8]
Event: 2.036 Thread 0x000001beb84848c0 nmethod 1680 0x000001beb0a62608 code [0x000001beb0a62700, 0x000001beb0a62830]
Event: 2.041 Thread 0x000001beb84848c0 1682       1       java.lang.Class::getReflectionFactory (18 bytes)
Event: 2.041 Thread 0x000001beb84848c0 nmethod 1682 0x000001beb0a62908 code [0x000001beb0a62a00, 0x000001beb0a62b60]

GC Heap Usage History (2 events):
Event: 1.115 {heap Before GC invocations=0 (full 0):
 garbage-first heap   total reserved 2070528K, committed 134144K, used 36138K [0x0000000081a00000, 0x0000000100000000)
  region size 1024K, 28 young (28672K), 0 survivors (0K)
}
Event: 1.129 {heap After GC invocations=1 (full 0):
 garbage-first heap   total reserved 2070528K, committed 134144K, used 16852K [0x0000000081a00000, 0x0000000100000000)
  region size 1024K, 4 young (4096K), 4 survivors (4096K)
}

Metaspace Usage History (2 events):
Event: 1.115 {metaspace Before GC invocations=0 (full 0):
 Metaspace       used 2847K, committed 3072K, reserved 1114112K
  class space    used 376K, committed 512K, reserved 1048576K
}
Event: 1.129 {metaspace After GC invocations=1 (full 0):
 Metaspace       used 2847K, committed 3072K, reserved 1114112K
  class space    used 376K, committed 512K, reserved 1048576K
}

Dll operation events (4 events):
Event: 0.017 Attempting to load shared library C:\Users\a\.jdks\jbrsdk_jcef-25.0.4\bin\java.dll
Event: 0.017 Loaded shared library C:\Users\a\.jdks\jbrsdk_jcef-25.0.4\bin\java.dll
Event: 0.301 Attempting to load shared library C:\Users\a\.jdks\jbrsdk_jcef-25.0.4\bin\zip.dll
Event: 0.302 Loaded shared library C:\Users\a\.jdks\jbrsdk_jcef-25.0.4\bin\zip.dll

Deoptimization events (0 events):
No events

Classes loaded (20 events):
Event: 1.574 Loading class jdk/internal/classfile/impl/AbstractPoolEntry$IntegerEntryImpl
Event: 1.574 Loading class java/lang/classfile/constantpool/IntegerEntry
Event: 1.575 Loading class java/lang/classfile/constantpool/IntegerEntry done
Event: 1.575 Loading class jdk/internal/classfile/impl/AbstractPoolEntry$IntegerEntryImpl done
Event: 1.575 Loading class java/lang/invoke/TypeConvertingMethodAdapter$1
Event: 1.575 Loading class java/lang/invoke/TypeConvertingMethodAdapter$1 done
Event: 1.616 Loading class java/time/format/FormatStyle
Event: 1.616 Loading class java/time/format/FormatStyle done
Event: 1.616 Loading class java/time/format/DateTimeFormatterBuilder$LocalizedPrinterParser
Event: 1.616 Loading class java/time/format/DateTimeFormatterBuilder$LocalizedPrinterParser done
Event: 1.631 Loading class sun/reflect/generics/tree/CharSignature
Event: 1.631 Loading class sun/reflect/generics/tree/CharSignature done
Event: 1.644 Loading class sun/reflect/generics/tree/ByteSignature
Event: 1.645 Loading class sun/reflect/generics/tree/ByteSignature done
Event: 1.682 Loading class java/lang/ProcessEnvironment$CheckedKeySet
Event: 1.682 Loading class java/lang/ProcessEnvironment$CheckedKeySet done
Event: 1.767 Loading class java/beans/PropertyEditorSupport
Event: 1.767 Loading class java/beans/PropertyEditor
Event: 1.767 Loading class java/beans/PropertyEditor done
Event: 1.767 Loading class java/beans/PropertyEditorSupport done

Classes unloaded (0 events):
No events

Classes redefined (0 events):
No events

Internal exceptions (20 events):
Event: 1.212 Thread 0x000001beabd77940 Exception <a 'java/lang/NoSuchMethodError'{0x00000000896bdd40}: 'java.lang.Object java.lang.invoke.Invokers$Holder.invoke_MT(java.lang.Object, java.lang.Object, java.lang.Object, java.lang.Object, java.lang.Object, java.lang.Object)'> (0x00000000896bdd40) 
thrown [s\src\hotspot\share\interpreter\linkResolver.cpp, line 815]
Event: 1.294 Thread 0x000001beabd77940 Exception <a 'java/lang/NoSuchMethodError'{0x0000000089417ec0}: 'void java.lang.invoke.DirectMethodHandle$Holder.invokeSpecial(java.lang.Object, java.lang.Object, java.lang.Object)'> (0x0000000089417ec0) 
thrown [s\src\hotspot\share\interpreter\linkResolver.cpp, line 815]
Event: 1.317 Thread 0x000001beabd77940 Exception <a 'java/lang/NoSuchMethodError'{0x000000008948a9f8}: 'void java.lang.invoke.DirectMethodHandle$Holder.invokeInterface(java.lang.Object, java.lang.Object, java.lang.Object, java.lang.Object)'> (0x000000008948a9f8) 
thrown [s\src\hotspot\share\interpreter\linkResolver.cpp, line 815]
Event: 1.398 Thread 0x000001beabd77940 Exception <a 'java/lang/NoSuchMethodError'{0x0000000089258c18}: 'java.lang.Object java.lang.invoke.DirectMethodHandle$Holder.invokeSpecialIFC(java.lang.Object, java.lang.Object, java.lang.Object, java.lang.Object)'> (0x0000000089258c18) 
thrown [s\src\hotspot\share\interpreter\linkResolver.cpp, line 815]
Event: 1.452 Thread 0x000001beabd77940 Exception <a 'java/lang/NoSuchMethodError'{0x000000008918a048}: 'java.lang.Object java.lang.invoke.DirectMethodHandle$Holder.newInvokeSpecial(java.lang.Object, java.lang.Object, java.lang.Object, java.lang.Object, java.lang.Object)'> (0x000000008918a048) 
thrown [s\src\hotspot\share\interpreter\linkResolver.cpp, line 815]
Event: 1.483 Thread 0x000001beabd77940 Exception <a 'sun/nio/fs/WindowsException'{0x00000000890523f8}> (0x00000000890523f8) 
thrown [s\src\hotspot\share\prims\jni.cpp, line 535]
Event: 1.495 Thread 0x000001beabd77940 Exception <a 'java/lang/IncompatibleClassChangeError'{0x0000000089069850}: Found class java.lang.Object, but interface was expected> (0x0000000089069850) 
thrown [s\src\hotspot\share\interpreter\linkResolver.cpp, line 882]
Event: 1.516 Thread 0x000001beabd77940 Exception <a 'sun/nio/fs/WindowsException'{0x00000000890b0890}> (0x00000000890b0890) 
thrown [s\src\hotspot\share\prims\jni.cpp, line 535]
Event: 1.524 Thread 0x000001beabd77940 Exception <a 'sun/nio/fs/WindowsException'{0x00000000890cbe40}> (0x00000000890cbe40) 
thrown [s\src\hotspot\share\prims\jni.cpp, line 535]
Event: 1.524 Thread 0x000001beabd77940 Exception <a 'sun/nio/fs/WindowsException'{0x00000000890cc8f8}> (0x00000000890cc8f8) 
thrown [s\src\hotspot\share\prims\jni.cpp, line 535]
Event: 1.710 Thread 0x000001beabd77940 Exception <a 'java/lang/NoSuchMethodError'{0x0000000088c3f138}: 'int java.lang.invoke.DirectMethodHandle$Holder.invokeStatic(java.lang.Object, java.lang.Object, java.lang.Object, java.lang.Object)'> (0x0000000088c3f138) 
thrown [s\src\hotspot\share\interpreter\linkResolver.cpp, line 815]
Event: 1.798 Thread 0x000001beabd77940 Exception <a 'java/lang/NoSuchMethodError'{0x0000000088bda360}: 'java.lang.Object java.lang.invoke.DirectMethodHandle$Holder.invokeSpecial(java.lang.Object, java.lang.Object, java.lang.Object, java.lang.Object, java.lang.Object, java.lang.Object, java.lang.Object, int)'> (0x0000000088bda360) 
thrown [s\src\hotspot\share\interpreter\linkResolver.cpp, line 815]
Event: 1.799 Thread 0x000001beabd77940 Exception <a 'java/lang/NoSuchMethodError'{0x0000000088bec818}: 'java.lang.Object java.lang.invoke.DirectMethodHandle$Holder.newInvokeSpecial(java.lang.Object, java.lang.Object, java.lang.Object, java.lang.Object, java.lang.Object, java.lang.Object, java.lang.Object, int)'> (0x0000000088bec818) 
thrown [s\src\hotspot\share\interpreter\linkResolver.cpp, line 815]
Event: 1.803 Thread 0x000001beabd77940 Exception <a 'java/lang/NoSuchMethodError'{0x0000000088a2a7c8}: 'java.lang.Object java.lang.invoke.DirectMethodHandle$Holder.newInvokeSpecial(java.lang.Object, java.lang.Object, java.lang.Object, java.lang.Object, java.lang.Object, int)'> (0x0000000088a2a7c8) 
thrown [s\src\hotspot\share\interpreter\linkResolver.cpp, line 815]
Event: 1.804 Thread 0x000001beabd77940 Exception <a 'java/lang/NoSuchMethodError'{0x0000000088a332b8}: 'java.lang.Object java.lang.invoke.DirectMethodHandle$Holder.invokeSpecial(java.lang.Object, java.lang.Object, java.lang.Object, java.lang.Object, java.lang.Object, java.lang.Object, int)'> (0x0000000088a332b8) 
thrown [s\src\hotspot\share\interpreter\linkResolver.cpp, line 815]
Event: 1.815 Thread 0x000001beabd77940 Exception <a 'java/lang/NoSuchMethodError'{0x0000000088a71698}: 'void java.lang.invoke.DirectMethodHandle$Holder.invokeInterface(java.lang.Object, java.lang.Object)'> (0x0000000088a71698) 
thrown [s\src\hotspot\share\interpreter\linkResolver.cpp, line 815]
Event: 1.915 Thread 0x000001beabd77940 Exception <a 'java/lang/NoSuchMethodError'{0x0000000088943170}: 'java.lang.Object java.lang.invoke.DirectMethodHandle$Holder.newInvokeSpecial(java.lang.Object, java.lang.Object, java.lang.Object, java.lang.Object, java.lang.Object, java.lang.Object, int)'> (0x0000000088943170) 
thrown [s\src\hotspot\share\interpreter\linkResolver.cpp, line 815]
Event: 1.919 Thread 0x000001beabd77940 Exception <a 'java/lang/NoSuchMethodError'{0x000000008894bcb8}: 'java.lang.Object java.lang.invoke.Invokers$Holder.linkToTargetMethod(java.lang.Object, java.lang.Object, java.lang.Object, java.lang.Object, java.lang.Object, int, java.lang.Object)'> (0x000000008894bcb8) 
thrown [s\src\hotspot\share\interpreter\linkResolver.cpp, line 815]
Event: 2.020 Thread 0x000001beabd77940 Exception <a 'java/lang/OutOfMemoryError'{0x00000000889b5578}> (0x00000000889b5578) 
thrown [s\src\hotspot\share\prims\jni.cpp, line 569]
Event: 2.021 Thread 0x000001beabd77940 Exception <a 'java/lang/NoSuchMethodError'{0x00000000889b73a0}: 'void java.lang.invoke.DirectMethodHandle$Holder.invokeSpecial(java.lang.Object, java.lang.Object, java.lang.Object, java.lang.Object, java.lang.Object)'> (0x00000000889b73a0) 
thrown [s\src\hotspot\share\interpreter\linkResolver.cpp, line 815]

VM Operations (20 events):
Event: 0.618 Executing non-safepoint VM operation: HandshakeAllThreads (Deoptimize)
Event: 0.618 Executing non-safepoint VM operation: HandshakeAllThreads (Deoptimize) done
Event: 0.694 Executing non-safepoint VM operation: HandshakeAllThreads (Deoptimize)
Event: 0.694 Executing non-safepoint VM operation: HandshakeAllThreads (Deoptimize) done
Event: 0.757 Executing non-safepoint VM operation: HandshakeAllThreads (Deoptimize)
Event: 0.757 Executing non-safepoint VM operation: HandshakeAllThreads (Deoptimize) done
Event: 1.033 Executing non-safepoint VM operation: HandshakeAllThreads (Deoptimize)
Event: 1.033 Executing non-safepoint VM operation: HandshakeAllThreads (Deoptimize) done
Event: 1.064 Executing non-safepoint VM operation: HandshakeAllThreads (Deoptimize)
Event: 1.064 Executing non-safepoint VM operation: HandshakeAllThreads (Deoptimize) done
Event: 1.072 Executing non-safepoint VM operation: HandshakeAllThreads (Deoptimize)
Event: 1.072 Executing non-safepoint VM operation: HandshakeAllThreads (Deoptimize) done
Event: 1.088 Executing non-safepoint VM operation: HandshakeAllThreads (Deoptimize)
Event: 1.088 Executing non-safepoint VM operation: HandshakeAllThreads (Deoptimize) done
Event: 1.115 Executing safepoint VM operation: G1CollectForAllocation (G1 Evacuation Pause)
Event: 1.129 Executing safepoint VM operation: G1CollectForAllocation (G1 Evacuation Pause) done
Event: 1.217 Executing non-safepoint VM operation: HandshakeAllThreads (Deoptimize)
Event: 1.217 Executing non-safepoint VM operation: HandshakeAllThreads (Deoptimize) done
Event: 1.301 Executing non-safepoint VM operation: HandshakeAllThreads (Deoptimize)
Event: 1.301 Executing non-safepoint VM operation: HandshakeAllThreads (Deoptimize) done

Memory protections (0 events):
No events

Nmethod flushes (0 events):
No events

Events (20 events):
Event: 0.077 Thread 0x000001beabd77940 Thread added: 0x000001beb82733a0
Event: 0.079 Thread 0x000001beabd77940 Thread added: 0x000001beb8277940
Event: 0.079 Thread 0x000001beabd77940 Thread added: 0x000001beb8278f30
Event: 0.079 Thread 0x000001beabd77940 Thread added: 0x000001beabe29610
Event: 0.080 Thread 0x000001beabd77940 Thread added: 0x000001beabe29de0
Event: 0.080 Thread 0x000001beabd77940 Thread added: 0x000001beb8281ba0
Event: 0.080 Thread 0x000001beabd77940 Thread added: 0x000001beb827cd80
Event: 0.080 Thread 0x000001beabd77940 Thread added: 0x000001beb8289560
Event: 0.299 Thread 0x000001beb8289560 Thread added: 0x000001beb8483ca0
Event: 0.300 Thread 0x000001beb8289560 Thread added: 0x000001beb84848c0
Event: 0.317 Thread 0x000001beabd77940 JVMTI - enter start phase
Event: 0.317 Thread 0x000001beabd77940 JVMTI - enter live phase
Event: 0.324 Loaded shared library C:\Users\a\.jdks\jbrsdk_jcef-25.0.4\bin\net.dll
Event: 0.327 Loaded shared library C:\Users\a\.jdks\jbrsdk_jcef-25.0.4\bin\nio.dll
Event: 0.332 Loaded shared library C:\Users\a\.jdks\jbrsdk_jcef-25.0.4\bin\instrument.dll
Event: 0.339 Loaded shared library C:\Users\a\.jdks\jbrsdk_jcef-25.0.4\bin\zip.dll
Event: 0.511 Thread 0x000001beabd77940 Thread added: 0x000001beb827fc60
Event: 0.511 Thread 0x000001beabd77940 Thread added: 0x000001beb82813d0
Event: 0.534 Loaded shared library C:\Users\a\.jdks\jbrsdk_jcef-25.0.4\bin\extnet.dll
Event: 0.565 Loaded shared library C:\Users\a\.jdks\jbrsdk_jcef-25.0.4\bin\jimage.dll


Dynamic libraries:
0x00007ff7f6a70000 - 0x00007ff7f6a7a000 	C:\Users\a\.jdks\jbrsdk_jcef-25.0.4\bin\java.exe
0x00007ffc29810000 - 0x00007ffc29a09000 	C:\WINDOWS\SYSTEM32\ntdll.dll
0x00007ffc291a0000 - 0x00007ffc29262000 	C:\WINDOWS\System32\KERNEL32.DLL
0x00007ffc270b0000 - 0x00007ffc273a7000 	C:\WINDOWS\System32\KERNELBASE.dll
0x00007ffc27710000 - 0x00007ffc27810000 	C:\WINDOWS\System32\ucrtbase.dll
0x00007ffc21690000 - 0x00007ffc216a7000 	C:\Users\a\.jdks\jbrsdk_jcef-25.0.4\bin\jli.dll
0x00007ffc28a90000 - 0x00007ffc28c2d000 	C:\WINDOWS\System32\USER32.dll
0x00007ffc27460000 - 0x00007ffc27482000 	C:\WINDOWS\System32\win32u.dll
0x00007ffc17d30000 - 0x00007ffc17d4e000 	C:\Users\a\.jdks\jbrsdk_jcef-25.0.4\bin\VCRUNTIME140.dll
0x00007ffc29170000 - 0x00007ffc2919b000 	C:\WINDOWS\System32\GDI32.dll
0x00007ffc26f90000 - 0x00007ffc270aa000 	C:\WINDOWS\System32\gdi32full.dll
0x00007ffc27490000 - 0x00007ffc2752d000 	C:\WINDOWS\System32\msvcp_win.dll
0x00007ffc13b20000 - 0x00007ffc13dbb000 	C:\WINDOWS\WinSxS\amd64_microsoft.windows.common-controls_6595b64144ccf1df_6.0.19041.7663_none_60b9ed0b71f50c93\COMCTL32.dll
0x00007ffc28850000 - 0x00007ffc288ee000 	C:\WINDOWS\System32\msvcrt.dll
0x00007ffc28810000 - 0x00007ffc2883f000 	C:\WINDOWS\System32\IMM32.DLL
0x00007ffc238e0000 - 0x00007ffc238ec000 	C:\Users\a\.jdks\jbrsdk_jcef-25.0.4\bin\vcruntime140_1.dll
0x00007ffbfe880000 - 0x00007ffbfe909000 	C:\Users\a\.jdks\jbrsdk_jcef-25.0.4\bin\msvcp140.dll
0x00007ffbb9440000 - 0x00007ffbba39b000 	C:\Users\a\.jdks\jbrsdk_jcef-25.0.4\bin\server\jvm.dll
0x00007ffc289d0000 - 0x00007ffc28a82000 	C:\WINDOWS\System32\ADVAPI32.dll
0x00007ffc27810000 - 0x00007ffc278b0000 	C:\WINDOWS\System32\sechost.dll
0x00007ffc28d60000 - 0x00007ffc28e86000 	C:\WINDOWS\System32\RPCRT4.dll
0x00007ffc26f60000 - 0x00007ffc26f87000 	C:\WINDOWS\System32\bcrypt.dll
0x00007ffc292d0000 - 0x00007ffc2933b000 	C:\WINDOWS\System32\WS2_32.dll
0x00007ffc26390000 - 0x00007ffc263db000 	C:\WINDOWS\SYSTEM32\POWRPROF.dll
0x00007ffc167f0000 - 0x00007ffc16817000 	C:\WINDOWS\SYSTEM32\WINMM.dll
0x00007ffc18b70000 - 0x00007ffc18b7a000 	C:\WINDOWS\SYSTEM32\VERSION.dll
0x00007ffc26200000 - 0x00007ffc26212000 	C:\WINDOWS\SYSTEM32\UMPDC.dll
0x00007ffc24ca0000 - 0x00007ffc24cb2000 	C:\WINDOWS\SYSTEM32\kernel.appcore.dll
0x00007ffc22500000 - 0x00007ffc2250a000 	C:\Users\a\.jdks\jbrsdk_jcef-25.0.4\bin\jimage.dll
0x00007ffc15790000 - 0x00007ffc15991000 	C:\WINDOWS\SYSTEM32\DBGHELP.DLL
0x00007ffc10ea0000 - 0x00007ffc10ed4000 	C:\WINDOWS\SYSTEM32\dbgcore.DLL
0x00007ffc26ed0000 - 0x00007ffc26f52000 	C:\WINDOWS\System32\bcryptPrimitives.dll
0x00007ffc224e0000 - 0x00007ffc224f0000 	C:\Users\a\.jdks\jbrsdk_jcef-25.0.4\bin\instrument.dll
0x00007ffc17bf0000 - 0x00007ffc17c0f000 	C:\Users\a\.jdks\jbrsdk_jcef-25.0.4\bin\java.dll
0x00007ffc28c30000 - 0x00007ffc28d5b000 	C:\WINDOWS\System32\ole32.dll
0x00007ffc29460000 - 0x00007ffc297b3000 	C:\WINDOWS\System32\combase.dll
0x00007ffc27910000 - 0x00007ffc28081000 	C:\WINDOWS\System32\SHELL32.dll
0x00007ffc24eb0000 - 0x00007ffc2565c000 	C:\WINDOWS\SYSTEM32\windows.storage.dll
0x00007ffc267c0000 - 0x00007ffc267eb000 	C:\WINDOWS\SYSTEM32\Wldp.dll
0x00007ffc288f0000 - 0x00007ffc289c6000 	C:\WINDOWS\System32\OLEAUT32.dll
0x00007ffc28510000 - 0x00007ffc285bd000 	C:\WINDOWS\System32\SHCORE.dll
0x00007ffc278b0000 - 0x00007ffc2790b000 	C:\WINDOWS\System32\shlwapi.dll
0x00007ffc26da0000 - 0x00007ffc26dc5000 	C:\WINDOWS\SYSTEM32\profapi.dll
0x00007ffc15360000 - 0x00007ffc15376000 	C:\Users\a\.jdks\jbrsdk_jcef-25.0.4\bin\zip.dll
0x00007ffc15f00000 - 0x00007ffc15f12000 	C:\Users\a\.jdks\jbrsdk_jcef-25.0.4\bin\net.dll
0x00007ffc26570000 - 0x00007ffc265da000 	C:\WINDOWS\system32\mswsock.dll
0x00007ffc15c80000 - 0x00007ffc15c96000 	C:\Users\a\.jdks\jbrsdk_jcef-25.0.4\bin\nio.dll
0x00007ffc21bd0000 - 0x00007ffc21bd9000 	C:\Users\a\.jdks\jbrsdk_jcef-25.0.4\bin\extnet.dll

JVMTI agents:
D:\intelijIdea\New folder\IntelliJ IDEA 2026.1.3\lib\idea_rt.jar path:C:\Users\a\.jdks\jbrsdk_jcef-25.0.4\bin\instrument.dll, loaded, initialized, instrumentlib options:5231

dbghelp: loaded successfully - version: 4.0.5 - missing functions: none
symbol engine: initialized successfully - sym options: 0x614 - pdb path: .;C:\Users\a\.jdks\jbrsdk_jcef-25.0.4\bin;C:\WINDOWS\SYSTEM32;C:\WINDOWS\WinSxS\amd64_microsoft.windows.common-controls_6595b64144ccf1df_6.0.19041.7663_none_60b9ed0b71f50c93;C:\Users\a\.jdks\jbrsdk_jcef-25.0.4\bin\server

VM Arguments:
jvm_args: -XX:TieredStopAtLevel=1 -Dspring.output.ansi.enabled=always -javaagent:D:\intelijIdea\New folder\IntelliJ IDEA 2026.1.3\lib\idea_rt.jar=5231 -Dfile.encoding=UTF-8 -Dsun.stdout.encoding=UTF-8 -Dsun.stderr.encoding=UTF-8 
java_command: lk.ijse.gdse.userservice.UserServiceApplication
java_class_path (initial): D:\ECA\PROJECT\Book-management-system\eca-backend-services\user-service\target\classes;C:\Users\a\.m2\repository\org\springframework\boot\spring-boot-starter-data-mongodb\4.1.1\spring-boot-starter-data-mongodb-4.1.1.jar;C:\Users\a\.m2\repository\org\springframework\boot\spring-boot-starter-mongodb\4.1.1\spring-boot-starter-mongodb-4.1.1.jar;C:\Users\a\.m2\repository\org\springframework\boot\spring-boot-mongodb\4.1.1\spring-boot-mongodb-4.1.1.jar;C:\Users\a\.m2\repository\org\mongodb\mongodb-driver-sync\5.8.1\mongodb-driver-sync-5.8.1.jar;C:\Users\a\.m2\repository\org\mongodb\bson\5.8.1\bson-5.8.1.jar;C:\Users\a\.m2\repository\org\mongodb\mongodb-driver-core\5.8.1\mongodb-driver-core-5.8.1.jar;C:\Users\a\.m2\repository\org\mongodb\bson-record-codec\5.8.1\bson-record-codec-5.8.1.jar;C:\Users\a\.m2\repository\org\springframework\boot\spring-boot-data-mongodb\4.1.1\spring-boot-data-mongodb-4.1.1.jar;C:\Users\a\.m2\repository\org\springframework\boot\spring-boot-data-commons\4.1.1\spring-boot-data-commons-4.1.1.jar;C:\Users\a\.m2\repository\org\springframework\boot\spring-boot-persistence\4.1.1\spring-boot-persistence-4.1.1.jar;C:\Users\a\.m2\repository\org\springframework\data\spring-data-commons\4.1.1\spring-data-commons-4.1.1.jar;C:\Users\a\.m2\repository\org\springframework\boot\spring-boot-transaction\4.1.1\spring-boot-transaction-4.1.1.jar;C:\Users\a\.m2\repository\org\springframework\spring-tx\7.0.9\spring-tx-7.0.9.jar;C:\Users\a\.m2\repository\org\springframework\data\spring-data-mongodb\5.1.1\spring-data-mongodb-5.1.1.jar;C:\Users\a\.m2\repository\org\springframework\spring-context\7.0.9\spring-context-7.0.9.jar;C:\Users\a\.m2\repository\org\springframework\spring-beans\7.0.9\spring-beans-7.0.9.jar;C:\Users\a\.m2\repository\org\springframework\spring-expression\7.0.9\spring-expression-7.0.9.jar;C:\Users\a\.m2\repository\org\springframework\boot\spring-boot-starter-webmvc\4.1.1\spring-boot-starter-webmvc-4.1.1.jar;C:\Users\a\.m2\repository\org\springframework\boot\spring-boot-starter\4.1.1\spring-boot-starter-4.1.1.jar;C:\Users\a\.m2\repository\org\springframework\boot\spring-boot-starter-logging\4.1.1\spring-boot-starter-logging-4.1.1.jar;C:\Users\a\.m2\repository\ch\qos\logback\logback-classic\1.5.38\logback-classic-1.5.38.jar;C:\Users\a\.m2\repository\ch\qos\logback\logback-core\1.5.38\logback-core-1.5.38.jar;C:\Users\a\.m2\repository\org\apache\logging\log4j\log4j-to-slf4j\2.25.5\log4j-to-slf4j-2.25.5.jar;C:\Users\a\.m2\repository\org\apache\logging\log4j\log4j-api\2.25.5\log4j-api-2.25.5.jar;C:\Users\a\.m2\repository\org\slf4j\jul-to-slf4j\2.0.18\jul-to-slf4j-2.0.18.jar;C:\Users\a\.m2\repository\org\springframework\boot\spring-boot-autoconfigure\4.1.1\spring-boot-autoconfigure-4.1.1.jar;C:\Users\a\.m2\repository\jakarta\annotation\jakarta.annotation-api\3.0.0\jakarta.annotation-api-3.0.0.jar;C:\Users\a\.m2\repository\org\yaml\snakeyaml\2.6\snakeyaml-2.6.jar;C:\Users\a\.m2\repository\org\springframework\boot\spring-boot-starter-jackson\4.1.1\spring-boot-starter-jackson-4.1.1.jar;C:\Users\a\.m2\repository\org\springframework\boot\spring-boot-jackson\4.1.1\spring-boot-jackson-4.1.1.jar;C:\Users\a\.m2\repository\tools\jackson\core\jackson-databind\3.1.5\jackson-databind-3.1.5.jar;C:\Users\a\.m2\repository\tools\jackson\core\jackson-core\3.1.5\jackson-core-3.1.5.jar;C:\Users\a\.m2\repository\org\springframework\boot\spring-boot-starter-tomcat\4.1.1\spring-boot-starter-tomcat-4.1.1.jar;C:\Users\a\.m2\repository\org\springframework\boot\spring-boot-starter-tomcat-runtime\4.1.1\spring-boot-starter-tomcat-runtime-4.1.1.jar;C:\Users\a\.m2\repository\org\apache\tomcat\embed\tomcat-embed-core\11.0.24\tomcat-embed-core-11.0.24.jar;C:\Users\a\.m2\repository\org\apache\tomcat\embed\tomcat-embed-el\11.0.24\tomcat-embed-el-11.0.24.jar;C:\Users\a\.m2\repository\org\apache\tomcat\embed\tomcat-embed-websocket\11.0.24\tomcat-embed-websocket-11.0.24.jar;C:\Users\a\.m2\repository\org\springframework\boot\spring-boot-tomcat\4.1.1\spring-boot-tomcat-4.1.1.jar;C:\Users\a\.m2\repository\org\springframework\boot\spring-boot-http-converter\4.1.1\spring-boot-http-converter-4.1.1.jar;C:\Users\a\.m2\repository\org\springframework\boot\spring-boot\4.1.1\spring-boot-4.1.1.jar;C:\Users\a\.m2\repository\org\springframework\spring-web\7.0.9\spring-web-7.0.9.jar;C:\Users\a\.m2\repository\io\micrometer\micrometer-observation\1.17.1\micrometer-observation-1.17.1.jar;C:\Users\a\.m2\repository\io\micrometer\micrometer-commons\1.17.1\micrometer-commons-1.17.1.jar;C:\Users\a\.m2\repository\org\springframework\boot\spring-boot-webmvc\4.1.1\spring-boot-webmvc-4.1.1.jar;C:\Users\a\.m2\repository\org\springframework\boot\spring-boot-servlet\4.1.1\spring-boot-servlet-4.1.1.jar;C:\Users\a\.m2\repository\org\springframework\spring-webmvc\7.0.9\spring-webmvc-7.0.9.jar;C:\Users\a\.m2\repository\org\springframework\spring-aop\7.0.9\spring-aop-7.0.9.jar;C:\Users\a\.m2\repository\org\springframework\cloud\spring-cloud-starter-netflix-eureka-client\5.0.2\spring-cloud-starter-netflix-eureka-client-5.0.2.jar;C:\Users\a\.m2\repository\org\springframework\cloud\spring-cloud-starter\5.0.2\spring-cloud-starter-5.0.2.jar;C:\Users\a\.m2\repository\org\springframework\cloud\spring-cloud-context\5.0.2\spring-cloud-context-5.0.2.jar;C:\Users\a\.m2\repository\org\springframework\security\spring-security-crypto\7.1.1\spring-security-crypto-7.1.1.jar;C:\Users\a\.m2\repository\org\springframework\cloud\spring-cloud-commons\5.0.2\spring-cloud-commons-5.0.2.jar;C:\Users\a\.m2\repository\org\bouncycastle\bcprov-jdk18on\1.81.1\bcprov-jdk18on-1.81.1.jar;C:\Users\a\.m2\repository\org\springframework\cloud\spring-cloud-netflix-eureka-client\5.0.2\spring-cloud-netflix-eureka-client-5.0.2.jar;C:\Users\a\.m2\repository\org\springframework\boot\spring-boot-jackson2\4.1.1\spring-boot-jackson2-4.1.1.jar;C:\Users\a\.m2\repository\com\fasterxml\jackson\datatype\jackson-datatype-jdk8\2.21.5\jackson-datatype-jdk8-2.21.5.jar;C:\Users\a\.m2\repository\com\fasterxml\jackson\datatype\jackson-datatype-jsr310\2.21.5\jackson-datatype-jsr310-2.21.5.jar;C:\Users\a\.m2\repository\com\fasterxml\jackson\module\jackson-module-parameter-names\2.21.5\jackson-module-parameter-names-2.21.5.jar;C:\Users\a\.m2\repository\org\apache\httpcomponents\client5\httpclient5\5.6.4\httpclient5-5.6.4.jar;C:\Users\a\.m2\repository\org\apache\httpcomponents\core5\httpcore5\5.4.3\httpcore5-5.4.3.jar;C:\Users\a\.m2\repository\org\apache\httpcomponents\core5\httpcore5-h2\5.4.3\httpcore5-h2-5.4.3.jar;C:\Users\a\.m2\repository\com\netflix\eureka\eureka-client\2.0.6\eureka-client-2.0.6.jar;C:\Users\a\.m2\repository\com\thoughtworks\xstream\xstream\1.4.21\xstream-1.4.21.jar;C:\Users\a\.m2\repository\io\github\x-stream\mxparser\1.2.2\mxparser-1.2.2.jar;C:\Users\a\.m2\repository\xmlpull\xmlpull\1.1.3.1\xmlpull-1.1.3.1.jar;C:\Users\a\.m2\repository\jakarta\ws\rs\jakarta.ws.rs-api\4.0.0\jakarta.ws.rs-api-4.0.0.jar;C:\Users\a\.m2\repository\jakarta\inject\jakarta.inject-api\2.0.1\jakarta.inject-api-2.0.1.jar;C:\Users\a\.m2\repository\com\netflix\spectator\spectator-api\1.7.3\spectator-api-1.7.3.jar;C:\Users\a\.m2\repository\org\slf4j\slf4j-api\2.0.18\slf4j-api-2.0.18.jar;C:\Users\a\.m2\repository\org\apache\httpcomponents\httpclient\4.5.3\httpclient-4.5.3.jar;C:\Users\a\.m2\repository\org\apache\httpcomponents\httpcore\4.4.16\httpcore-4.4.16.jar;C:\Users\a\.m2\repository\commons-codec\commons-codec\1.21.0\commons-codec-1.21.0.jar;C:\Users\a\.m2\repository\com\fasterxml\jackson\core\jackson-annotations\2.21\jackson-annotations-2.21.jar;C:\Users\a\.m2\repository\com\fasterxml\jackson\core\jackson-core\2.21.5\jackson-core-2.21.5.jar;C:\Users\a\.m2\repository\com\fasterxml\jackson\core\jackson-databind\2.21.5\jackson-databind-2.21.5.jar;C:\Users\a\.m2\repository\com\netflix\netflix-commons\netflix-eventbus\0.3.0\netflix-eventbus-0.3.0.jar;C:\Users\a\.m2\repository\com\netflix\netflix-commons\netflix-infix\0.3.0\netflix-infix-0.3.0.jar;C:\Users\a\.m2\repository\commons-jxpath\commons-jxpath\1.3\commons-jxpath-1.3.jar;C:\Users\a\.m2\repository\joda-time\joda-time\2.3\joda-time-2.3.jar;C:\Users\a\.m2\repository\org\antlr\antlr-runtime\3.4\antlr-runtime-3.4.jar;C:\Users\a\.m2\repository\org\antlr\stringtemplate\3.2.1\stringtemplate-3.2.1.jar;C:\Users\a\.m2\repository\antlr\antlr\2.7.7\antlr-2.7.7.jar;C:\Users\a\.m2\repository\com\google\code\gson\gson\2.13.2\gson-2.13.2.jar;C:\Users\a\.m2\repository\com\google\errorprone\error_prone_annotations\2.41.0\error_prone_annotations-2.41.0.jar;C:\Users\a\.m2\repository\com\netflix\servo\servo-core\0.5.3\servo-core-0.5.3.jar;C:\Users\a\.m2\repository\org\apache\commons\commons-math\2.2\commons-math-2.2.jar;C:\Users\a\.m2\repository\javax\annotation\javax.annotation-api\1.2\javax.annotation-api-1.2.jar;C:\Users\a\.m2\repository\org\codehaus\jettison\jettison\1.5.4\jettison-1.5.4.jar;C:\Users\a\.m2\repository\org\springframework\cloud\spring-cloud-starter-loadbalancer\5.0.2\spring-cloud-starter-loadbalancer-5.0.2.jar;C:\Users\a\.m2\repository\org\springframework\cloud\spring-cloud-loadbalancer\5.0.2\spring-cloud-loadbalancer-5.0.2.jar;C:\Users\a\.m2\repository\io\projectreactor\reactor-core\3.8.7\reactor-core-3.8.7.jar;C:\Users\a\.m2\repository\org\reactivestreams\reactive-streams\1.0.4\reactive-streams-1.0.4.jar;C:\Users\a\.m2\repository\io\projectreactor\addons\reactor-extra\3.6.1\reactor-extra-3.6.1.jar;C:\Users\a\.m2\repository\org\springframework\boot\spring-boot-starter-cache\4.1.1\spring-boot-starter-cache-4.1.1.jar;C:\Users\a\.m2\repository\org\springframework\boot\spring-boot-cache\4.1.1\spring-boot-cache-4.1.1.jar;C:\Users\a\.m2\repository\org\springframework\spring-context-support\7.0.9\spring-context-support-7.0.9.jar;C:\Users\a\.m2\repository\com\stoyanr\evictor\1.0.0\evictor-1.0.0.jar;C:\Users\a\.m2\repository\org\springframework\spring-core\7.0.9\spring-core-7.0.9.jar;C:\Users\a\.m2\repository\commons-logging\commons-logging\1.3.6\commons-logging-1.3.6.jar;C:\Users\a\.m2\repository\org\jspecify\jspecify\1.0.1\jspecify-1.0.1.jar;C:\Users\a\.m2\repository\org\springframework\boot\spring-boot-web-server\4.1.1\spring-boot-web-server-4.1.1.jar;C:\Users\a\.m2\repository\org\projectlombok\lombok\1.18.46\lombok-1.18.46.jar
Launcher Type: SUN_STANDARD

[Global flags]
     intx CICompilerCount                          = 3                                         {product} {ergonomic}
     uint ConcGCThreads                            = 1                                         {product} {ergonomic}
     uint G1ConcRefinementThreads                  = 4                                         {product} {ergonomic}
   size_t G1HeapRegionSize                         = 1048576                                   {product} {ergonomic}
   size_t InitialHeapSize                          = 134217728                                 {product} {ergonomic}
   size_t MarkStackSize                            = 4194304                                   {product} {ergonomic}
   size_t MarkStackSizeMax                         = 536870912                                 {product} {ergonomic}
   size_t MaxHeapSize                              = 2120220672                                {product} {ergonomic}
   size_t MaxNewSize                               = 1271922688                                {product} {ergonomic}
   size_t MinHeapDeltaBytes                        = 1048576                                   {product} {ergonomic}
   size_t MinHeapSize                              = 8388608                                   {product} {ergonomic}
    uintx NonNMethodCodeHeapSize                   = 4096                                   {pd product} {ergonomic}
    uintx NonProfiledCodeHeapSize                  = 0                                      {pd product} {ergonomic}
     bool ProfileInterpreter                       = false                                  {pd product} {command line}
    uintx ProfiledCodeHeapSize                     = 0                                      {pd product} {ergonomic}
   size_t SoftMaxHeapSize                          = 2120220672                             {manageable} {ergonomic}
     intx TieredStopAtLevel                        = 1                                         {product} {command line}
     bool UseCompressedOops                        = true                           {product lp64_product} {ergonomic}
     bool UseG1GC                                  = true                                      {product} {ergonomic}
     bool UseLargePagesIndividualAllocation        = false                                  {pd product} {ergonomic}

Logging:
Log output configuration:
 #0: stdout all=warning uptime,level,tags foldmultilines=false
 #1: stderr all=off uptime,level,tags foldmultilines=false

Release file:
JAVA_VERSION="25.0.4" 
MODULES="java.base java.datatransfer java.xml java.prefs java.desktop gluegen.rt java.compiler java.instrument java.logging java.management java.security.sasl java.naming java.rmi java.management.rmi java.net.http java.scripting java.security.jgss java.transaction.xa java.sql java.sql.rowset java.xml.crypto java.se java.smartcardio jogl.all jcef jdk.accessibility jdk.internal.jvmstat jdk.attach jdk.charsets jdk.internal.opt jdk.zipfs jdk.compiler jdk.crypto.cryptoki jdk.crypto.ec jdk.crypto.mscapi jdk.dynalink jdk.internal.ed jdk.editpad jdk.internal.vm.ci jdk.graal.compiler jdk.graal.compiler.management jdk.hotspot.agent jdk.httpserver jdk.incubator.vector jdk.internal.le jdk.internal.md jdk.jartool jdk.javadoc jdk.jcmd jdk.management jdk.management.agent jdk.jconsole jdk.jdeps jdk.jdwp.agent jdk.jdi jdk.jfr jdk.jlink jdk.jpackage jdk.jshell jdk.jsobject jdk.jstatd jdk.localedata jdk.management.jfr jdk.naming.dns jdk.naming.rmi jdk.net jdk.nio.mapmode jdk.sctp jdk.security.auth jdk.security.jgss jdk.unsupported jdk.unsupported.desktop jdk.xml.dom" 
IMPLEMENTOR="JetBrains s.r.o." 
IMPLEMENTOR_VERSION="JBRSDK-25.0.4+1-508.27-jcef" 
JAVA_RUNTIME_VERSION="25.0.4+1-b508.27" 
LIBC="default" 
OS_ARCH="x86_64" 
OS_NAME="Windows" 
SOURCE=".:git:4af5e1194b7f+ jcef_git:git:4a605f44671a" 
JCEF_VERSION="147.0.10.1206+g54b3e89" 
JCEF_COMMIT_HASH="54b3e89ff03534f50def191ba38b1ac713b6b481" 
JCEF_VERSION_DETAILED=144.0.15-g72717cf-chromium-144.0.7559.172-api-1.21-262-b52

Environment Variables:
JAVA_HOME=C:\Program Files\Eclipse Adoptium\jdk-25.0.4.7-hotspot\
PATH=C:\Program Files (x86)\Common Files\Oracle\Java\java8path;C:\Program Files (x86)\Common Files\Oracle\Java\javapath;C:\Program Files\Eclipse Adoptium\jdk-25.0.4.7-hotspot\bin;C:\WINDOWS\system32;C:\WINDOWS;C:\WINDOWS\System32\Wbem;C:\WINDOWS\System32\WindowsPowerShell\v1.0\;C:\WINDOWS\System32\OpenSSH\;C:\Users\a\AppData\Local\nvm;C:\nvm4w\nodejs;C:\Program Files\Git\cmd;C:\Program Files (x86)\ATI Technologies\ATI.ACE\Core-Static;C:\Program Files (x86)\AMD\ATI.ACE\Core-Static;C:\Program Files\Docker\Docker\resources\bin;C:\Program Files\MySQL\MySQL Shell 8.0\bin\;C:\Users\a\AppData\Local\Programs\Python\Python313\Scripts\;C:\Users\a\AppData\Local\Programs\Python\Python313\;C:\Users\a\AppData\Local\Microsoft\WindowsApps;C:\Users\a\AppData\Local\nvm;C:\nvm4w\nodejs;C:\Users\a\AppData\Local\Programs\Microsoft VS Code\bin;D:\intelijIdea\New folder\IntelliJ IDEA 2026.1.3\bin;C:\Program Files (x86)\Atmel\Flip 3.4.7\bin;C:\Program Files\Tesseract-OCR\;C:\poppler\poppler-25.12.0\Library\bin;C:\Users\a\AppData\Local\GitHubDesktop\bin
USERNAME=a
OS=Windows_NT
PROCESSOR_IDENTIFIER=Intel64 Family 6 Model 78 Stepping 3, GenuineIntel
TMP=C:\Users\a\AppData\Local\Temp
TEMP=C:\Users\a\AppData\Local\Temp




Compilation memory statistics disabled.

Periodic native trim disabled

JNI global refs:
JNI global refs: 13, weak refs: 0

JNI global refs memory usage: 835, weak refs: 201

Process memory usage:
Resident Set Size: 119196K (1% of 8280028K total physical memory with 552056K free physical memory)

OOME stack traces (most recent first):
Classloader memory used:
Loader jdk.internal.loader.ClassLoaders$AppClassLoader                                 : 4739 K
Loader bootstrap                                                                       : 1116 K

---------------  S Y S T E M  ---------------

OS:
 Windows 10 , 64 bit Build 19041 (10.0.19041.7663)
OS uptime: 0 days 3:55 hours
Hyper-V role detected

CPU: total 4 (initial active 4) (2 cores per cpu, 2 threads per core) family 6 model 78 stepping 3 microcode 0xcc, cx8, cmov, fxsr, ht, mmx, 3dnowpref, sse, sse2, sse3, ssse3, sse4.1, sse4.2, popcnt, lzcnt, tsc, tscinvbit, avx, avx2, aes, erms, clmul, bmi1, bmi2, adx, fma, vzeroupper, clflush, clflushopt, hv, rdtscp, f16c
Processor Information for the first 4 processors :
  Max Mhz: 2400, Current Mhz: 2300, Mhz Limit: 2280

Memory: 4k page, system-wide physical 8085M (539M free)
TotalPageFile size 27271M (AvailPageFile size 1M)
current process WorkingSet (physical memory assigned to process): 116M, peak: 117M
current process commit charge ("private bytes"): 240M, peak: 241M

vm_info: OpenJDK 64-Bit Server VM (25.0.4+1-b508.27) for windows-amd64 JRE (25.0.4+1-b508.27), built on 2026-07-30 with MS VC++ 17.14 (VS2022)

END.
